SITIO_DE_DESEMBARCO_METODO_DE_PESCA;Cuartil_inf_ALIMENTACIONXCOMIDA_mes;Cuartil_sup_ALIMENTACIONXCOMIDA_mes;Cuartil_inf_COMBUSTIBLE_X_HORA_mes;Cuartil_sup_COMBUSTIBLE_X_HORA_mes;Cuartil_inf_ALQUILER_DE_ARTES_mes;Cuartil_sup_ALQUILER_DE_ARTES_mes;Cuartil_inf_ALQUILER_DE_EMBARCACION_mes;Cuartil_sup_ALQUILER_DE_EMBARCACION_mes;Cuartil_inf_HIELO_X_HORA_mes;Cuartil_sup_HIELO_X_HORA_mes;Cuartil_inf_CARNADA_mes;Cuartil_sup_CARNADA_mes;Cuartil_inf_OTRO_mes;Cuartil_sup_OTRO_mes;Cuartil_inf_NUMERO_PESCADORES_mes;Cuartil_sup_NUMERO_PESCADORES_mes
Puerto Simití_Red de enmalle fija continental;827;1588;809;1234; ; ; ; ;221;322; ; ; ; ;2;2
Puerto Simití_Atarraya;1250;1900; ; ; ; ; ; ; ; ; ; ; ; ;2;2
Taganga_Red de enmalle fija marina;3191;4226;1363;7576; ; ; ; ;248;431; ; ;6000;6000;4;5
Carrizal_Red de enmalle fija marina; ; ;3170;9592; ; ; ; ; ; ; ; ; ; ;2;5
Distribuidoras de Tumaco_Red de enmalle de deriva marina;1514;3442;3358;7946; ; ; ; ;389;1001; ; ; ; ;2;2
Villa Venecia_Red de enmalle fija continental;932;1601;258;363; ; ; ; ;101;135; ; ;1500;1580;1;2
Orejero_Red de enmalle fija continental; ; ; ; ; ; ; ; ; ; ; ; ; ; ;1;2
Villa Venecia_Atarraya;2420;4767; ; ; ; ; ; ;383;552; ; ;1600;1600;1;2
Rincón_Red de enmalle fija continental;935;1986;257;374; ; ; ; ;73;143; ; ;1340;1860;1;2
Rincón_Atarraya;3396;6000; ; ; ; ; ; ;319;533; ; ;1200;1200;1;2
Clarinetero_Atarraya;8500;8500; ; ; ; ; ; ;2166;3966; ; ;12000;12000;2;2
Puerto del Pescado (San José Del Guaviare)_Red de enmalle de deriva continental; ; ;11940;17900; ; ; ; ; ; ; ; ;5000;5000;2;2
Clarinetero_Red de enmalle fija continental;5944;11681; ; ; ; ; ; ;1750;1750; ; ; ; ;1;2
El Puente_Atarraya; ; ; ; ; ; ; ; ; ; ; ; ; ; ;2;2
El Puente_Red de enmalle de deriva continental; ; ;1945;2347; ; ; ; ; ; ; ; ; ; ;1;1
El Puente_Atarraya rastra; ; ; ; ; ; ; ; ; ; ; ; ; ; ;1;1
Barrio Arriba - Barbosa (Magangué)_Red de enmalle fija continental; ; ; ; ; ; ; ; ; ; ; ; ;1000;1000;1;2
El Puente_Red de encierro rastra; ; ;2640;3286; ; ; ; ;319;464; ; ; ; ;1;3
Puerto Miraflores_Línea de mano fija marina;2531;6158;4733;10708; ; ; ; ;902;2404; ; ; ; ;2;2
El Puente_Red de enmalle fija continental; ; ;558;700; ; ; ; ;113;137; ; ; ; ;1;1
Puerto Abajo (Dibulla)_Red de enmalle fija marina;1064;1760;3311;5583; ; ; ; ;272;343; ; ; ; ;2;3
Santropel - San Sebastián_Red de enmalle fija continental;1343;4420;365;1271; ; ; ; ;106;347; ; ; ; ;1;2
Santropel - San Sebastián_Atarraya;718;1597; ; ; ; ; ; ;108;201; ; ; ; ;1;2
La Rampa (Barrancabermeja)_Atarraya;1506;3792;4878;9121; ; ; ; ;3804;7630; ; ; ; ;2;3
Belén (El Banco)_Red de enmalle fija continental ciénaga;2000;2500;2000;2500;16500;46975;16500;46975;500;625; ; ; ; ;2;2
Belén (El Banco)_Chinchorro continental;1111;1404;1667;2105;4500;36650;4500;36650;417;526; ; ; ; ;3;3
Puerto La Candelaria_Red de enmalle fija continental;1220;2433;471;1000; ; ; ; ;139;287; ; ;2000;3000;1;2
El Ferry_Red de enmalle fija continental ciénaga;990;1701;292;1429; ; ; ; ;111;184; ; ;2000;3000;1;2
Plaza de mercado (La Dorada)_Palangre calandrio;4167;4545;833;909; ; ; ; ; ; ;5000;5000; ; ;1;1
Purricha_Palangre o espinel de fondo;785;2973;1556;4851; ; ; ; ; ; ; ; ; ; ;1;2
Puerto de Gamarra_Chinchorra;913;1301;2057;2413; ; ; ; ;422;866; ; ;2000;2000;4;5
Lamas_Atarraya;1088;3273;735;735; ; ; ; ;124;337; ; ; ; ;1;2
El Ferry_Red de enmalle de deriva continental;2000;3500;951;4092; ; ; ; ;116;300; ; ;2000;2000;1;2
Palenquito_Red de enmalle fija continental;889;1471; ; ; ; ; ; ;158;256; ; ; ; ;2;2
Lamas_Red de enmalle de encierro continental;2148;3305; ; ;5000;5000;5000;5000;214;406; ; ; ; ;1;2
El Muelle (Barrancabermeja)_Atarraya;3539;5893;3903;9789; ; ; ; ;470;1433; ; ; ; ;2;3
Purricha_Red de enmalle de deriva marina;1909;4275;3864;10198; ; ; ; ; ; ; ; ; ; ;2;2
Palomino_Red de enmalle fija continental;1033;1651; ; ; ; ; ; ;176;276; ; ; ; ;1;2
Macurutú - Saloa_Red de enmalle fija continental;1401;4234;477;1620; ; ; ; ;46;132; ; ; ; ;1;2
Purricha_Red de enmalle fija marina;742;4332;1430;9919; ; ; ; ; ; ; ; ; ; ;1;2
Tribugá_Línea de mano fija marina;2379;5974;1997;11662; ; ; ; ;242;1475; ; ; ; ;1;2
Puerto La Candelaria_Atarraya rastra; ; ; ; ; ; ; ; ; ; ; ; ; ; ;1;2
La Playa (El Banco)_Red de enmalle de deriva continental;2338;3215;1551;2083;6290;35050;6290;35050;156;214; ; ;2000;3000;1;2
Las Tenazas_Línea de mano fija marina;1917;5000;2185;3197; ; ; ; ;446;1099;5000;5000; ; ;1;2
Puerto La Candelaria_Atarraya;888;3439;670;2544; ; ; ; ;282;611; ; ;2000;3000;1;2
Puerto Franco_Red de enmalle fija continental; ; ;384;502; ; ; ; ;47;114; ; ; ; ;1;1
El Ferry_Red de enmalle fija continental río;1049;2958;423;1905; ; ; ; ;106;333; ; ;2000;3000;1;2
Los Tendales_Red de enmalle fija continental;1324;1756;237;696; ; ; ; ; ; ; ; ; ; ;2;2
La Punta_Buceo de caracol;3263;8275;1009;2491; ; ; ; ; ; ; ; ; ; ;1;1
La Punta_Red de enmalle fija marina;3125;8031;932;2802; ; ; ; ;194;508; ; ; ; ;1;2
Damaquiel_Red de enmalle fija marina;676;2168;4263;15528; ; ; ; ;278;1149; ; ; ; ;2;3
La Playa (El Banco)_Chinchorra;2155;2368;1603;1837;11740;29300;11740;29300;144;158; ; ;2000;3000;2;2
La Playa (El Banco)_Chinchorro continental;998;1795;2251;3949;17535;71860;17535;71860;408;718; ; ;6000;7000;6;6
La Playa (El Banco)_Nasas de Peces; ; ;1791;2631; ; ; ; ; ; ;55000;63750;5000;5750;3;3
Bocas de Seheve_Red de enmalle fija continental; ; ;482;830; ; ; ; ; ; ; ; ; ; ;1;2
Locadía_Línea de mano fija marina;3098;5146;1078;1670; ; ; ; ;168;430; ; ; ; ;1;2
Puerto Pozuelo - La Rinconada_Red de enmalle fija continental;866;1413; ; ; ; ; ; ;85;145; ; ;1000;2200;1;2
Tasajera La Playa_Red de enmalle fija marina;2469;2857;1972;10956; ; ; ; ;272;1099; ; ; ; ;4;4
Tasajera La Playa_Palangre o espinel de fondo;1335;3041;2265;15492; ; ; ; ; ; ;20000;40000; ; ;2;4
Tasajera La Playa_Red de enmalle de encierro marina;2941;4405;13969;20204; ; ; ; ; ; ; ; ; ; ;5;5
Docordó_Red de enmalle de deriva marina;4014;8522;4561;13366; ; ; ; ; ; ; ; ; ; ;2;6
Lomita Arena_Chinchorro marino; ; ;8438;18517; ; ; ; ; ; ; ; ; ; ;12;16
Robles_Red de enmalle fija continental;1732;2777;324;535; ; ; ; ;151;245; ; ; ; ;1;1
La Mata_Red de enmalle fija continental;1114;1477;914;1189; ; ; ; ;43;68; ; ;1000;2000;1;2
Mercado (Lorica)_Atarraya;6281;6281; ; ; ; ; ; ;167;167;10000;25000; ; ;1;2
Paujil_Red de enmalle fija continental;1271;7419;2235;3451; ; ; ; ;701;1026; ; ; ; ;1;3
Robles_Red de enmalle de encierro continental;1240;3646; ; ; ; ; ; ;317;575; ; ; ; ;1;2
Loma - San Sebastián_Red de enmalle fija continental;1318;2353;177;554; ; ; ; ;74;210; ; ; ; ;1;2
La Mata_Nasas de Peces;1162;1474;2752;2971; ; ; ; ;45;71;35000;1,00E+05;2000;2000;1;2
Uveros_Red de enmalle fija marina;1628;3304;1538;13185; ; ; ; ;182;1299; ; ; ; ;2;3
Tajamar Occidental_Red de enmalle de deriva marina;2500;3333;6572;10556; ; ; ; ;1756;2790; ; ; ; ;2;4
Puerto Ciénaga de Paredes_Red de enmalle fija continental; ; ;510;713; ; ; ; ;140;240; ; ; ; ;1;2
Playa Pescadores - Capurganá_Línea de mano fija marina;1905;2700;1764;18159; ; ; ; ;495;706;1000;5000;5000;5000;1;2
Chapinero_Atarraya;1926;3797; ; ; ; ; ; ;190;272;8700;20000;20000;35000;2;2
Sempegua_Chinchorra;1428;2271;1440;2502;10000;15000;10000;15000;162;448; ; ;2000;5000;3;4
San José de la Calle_Red de enmalle fija continental; ; ;841;989; ; ; ; ; ; ; ; ; ; ;1;2
Sempegua_Chinchorro continental;1021;1996;2538;4103;15000;30000;15000;30000;424;1446; ; ;4350;9300;6;8
El Valle_Línea de mano fija marina;2484;6714;5728;18847; ; ; ; ;1063;2439;19500;19500; ; ;1;3
Sempegua_Red de enmalle fija continental;768;2235;468;1832; ; ; ; ;51;145; ; ;1500;3000;1;2
Puerto Ciénaga de Paredes_Nasas de Peces; ; ;468;628; ; ; ; ; ; ;5000;7000; ; ;1;1
Honda_Nasas de Peces;4258;4541; ; ; ; ; ; ; ; ;45200;58700;7100;9800;1;1
Honda_Línea de mano fija continental;2417;5143;1500;1500; ; ; ; ; ; ;29600;55000;4000;10900;1;2
San Nicolás (Santa Cruz De Mompox)_Red de enmalle fija continental; ; ; ; ; ; ; ; ; ; ; ; ; ; ;1;2
Yaguará_Red de enmalle fija continental;1907;3845;465;1223; ; ; ; ;186;355; ; ; ; ;1;2
Loma - San Sebastián_Atarraya;1947;5441; ; ; ; ; ; ;171;737; ; ; ; ;2;2
San Nicolás (Santa Cruz De Mompox)_Chinchorro continental;2574;4398; ; ; ; ; ; ;167;296; ; ; ; ;2;4
Cabo de la Vela_Red de enmalle langostera; ; ;629;1409; ; ; ; ; ; ; ; ; ; ;2;3
Yaguará_Chinchorra;2003;2874;445;961; ; ; ; ;179;349; ; ; ; ;2;2
Cabo de la Vela_Línea de mano fija marina; ; ; ; ; ; ; ; ; ; ; ; ; ; ;2;3
Puerto del Cerrito_Red de enmalle fija continental ciénaga;1692;4171;515;924; ; ; ; ;71;212; ; ;2000;3000;1;2
Poportín_Buceo marino mixto;570;1000;3538;4619; ; ; ; ; ; ; ; ; ; ;5;8
Poportín_Nasas de Peces;40;65;197;260; ; ; ; ; ; ; ; ; ; ;5;7
Puerto Barrio El Progreso_Línea de mano fija continental;2057;3063;1036;1159; ; ; ; ;194;207; ; ;3200;4000;1;2
Villa Fátima_Red de enmalle de encierro marina; ; ;22808;27181; ; ; ; ; ; ; ; ; ; ;3;5
Puerto El Waffe marino_Red de enmalle fija marina;4084;4636;3721;4199; ; ; ; ;1399;1633; ; ; ; ;2;2
Desembarcadero (Murindó)_Red de enmalle fija continental;3000;5000;4334;5453; ; ; ; ; ; ; ; ; ; ;1;1
Punta Ardita_Línea de mano fija marina; ; ;1935;15015; ; ; ; ;1283;2872; ; ; ; ;2;2
Candelaria (Achí)_Red de enmalle fija continental; ; ; ; ; ; ; ; ; ; ; ; ; ; ;1;1
La T_Red de enmalle de encierro marina; ; ;20684;30166; ; ; ; ; ; ; ; ; ; ;4;4
Champaché_Atarraya;1866;2765;1274;2611; ; ; ; ;382;553; ; ; ; ;2;2
Champaché_Línea de mano fija marina;1724;2143;923;2017; ; ; ; ;242;571;55000;1,00E+05; ; ;2;2
Popoya Playa_Red de enmalle fija marina; ; ;2273;3093; ; ; ; ; ; ; ; ; ; ;2;2
Dotenedó_Línea de mano fija marina; ; ;4206;4206; ; ; ; ; ; ; ; ; ; ;1;2
La Tagua_Palangre calandrio; ; ;517;940; ; ; ; ; ; ;5000;5000; ; ;1;2
Dotenedó_Palangre o espinel de fondo; ; ;4576;13321; ; ; ; ; ; ; ; ; ; ;2;3
Curillo_Línea de mano fija continental; ; ;2471;3427; ; ; ; ; ; ;12000;20000; ; ;1;2
El Muelle (Puerto López)_Chinchorro continental;3813;8033;2450;6165; ; ; ; ;592;1075; ; ;10000;10000;2;3
Jodedor_Red de enmalle fija marina; ; ;3417;12622; ; ; ; ; ; ; ; ; ; ;2;2
Las Balsas_Chinchorro continental;3607;6956;2245;5294; ; ; ; ;430;1082; ; ; ; ;2;3
Jodedor_Red de enmalle de encierro marina;3350;4603;10462;13369; ; ; ; ; ; ; ; ; ; ;4;4
Jodedor_Línea de mano fija marina;1477;2421;4967;8123; ; ; ; ;242;796;5000;10000; ; ;2;3
Puerto de Gamarra_Palangre calandrio;931;1431;2151;2462; ; ; ; ;234;661; ; ; ; ;3;4
La Rampa (Barrancabermeja)_Chinchorra;1551;3538;5098;11283; ; ; ; ;4078;7738; ; ; ; ;2;3
La Punta - Firme Cifuentes_Red de enmalle camaronera;4545;7659;8182;11250; ; ; ; ; ; ; ; ; ; ;2;2
La Punta - Firme Cifuentes_Red de enmalle de deriva marina;3292;7500;5135;11780; ; ; ; ;1452;1803; ; ; ; ;2;3
Puerto Principal (Puerto Lleras)_Línea de mano fija continental;4545;5105;3419;4688; ; ; ; ; ; ; ; ; ; ;2;2
La Punta_Palangre o espinel de fondo;3981;5425;1711;2522; ; ; ; ;349;459; ; ; ; ;2;2
Zapata_Red de enmalle camaronera;1994;4753;2771;5190; ; ; ; ;240;521; ; ; ; ;2;2
La Punta_Buceo marino mixto;4445;7906;1337;3677; ; ; ; ;241;603; ; ; ; ;1;2
Zapata_Red de enmalle fija marina;1902;4473;801;6419; ; ; ; ;349;659; ; ; ; ;2;3
Mayapo_Red de enmalle langostera;1215;1534;2971;3936; ; ; ; ; ; ; ; ; ; ;2;3
Mayapo_Buceo de langosta;1439;2376;2330;3577; ; ; ; ; ; ; ; ; ; ;2;3
Mayapo_Buceo marino mixto;1333;1999;2331;2973; ; ; ; ; ; ; ; ; ; ;2;4
Taganga_Línea de mano fija marina;3104;7829;3311;7478; ; ; ; ;166;214; ; ;6000;6000;1;2
Taganga_Chinchorro velao;1265;2273;3337;7712; ; ; ; ; ; ; ; ;6000;6000;10;15
Mayapo_Red de enmalle de encierro marina;1497;2067;2526;3352; ; ; ; ; ; ; ; ; ; ;4;4
Chamuscado - Naya_Red de enmalle de deriva marina;3556;3556;9213;14001; ; ; ; ;2845;2845; ; ; ; ;2;2
Clarinetero_Línea de mano fija continental;7818;11900; ; ; ; ; ; ; ; ; ; ; ; ;1;1
Bahía de Santa Marta_Línea de mano fija marina;847;2083;1095;5407; ; ; ; ;198;544; ; ; ; ;1;2
Bazán_Red de enmalle fija marina;5000;6944;6000;6667; ; ; ; ;1000;1111; ; ; ; ;2;2
Candelaria (Chimichagua)_Red de enmalle fija continental;1660;1973;478;1273; ; ; ; ;123;183; ; ;1000;2000;1;2
Santa Clara_Red de enmalle fija continental; ; ; ; ; ; ; ; ;118;176; ; ; ; ;1;1
Miramar - Bahía Málaga_Palangre o espinel de fondo; ; ;880;1691; ; ; ; ;217;514; ; ; ; ;1;1
Playa de Arusí_Palangre o espinel de fondo;767;2752;2150;5029; ; ; ; ; ; ; ; ; ; ;2;3
Candelaria (Chimichagua)_Atarraya;1902;3615;1054;2787; ; ; ; ;131;253; ; ;2000;2000;2;2
Candelaria (Chimichagua)_Chinchorra;1896;4080;860;3105; ; ; ; ;134;371; ; ;2000;3000;2;3
Playa de Arusí_Línea de mano fija marina;3000;9095;4127;12745; ; ; ; ; ; ; ; ; ; ;1;2
Desembarcadero (Supía)_Atarraya;1174;2822; ; ; ; ; ; ; ; ; ; ;3000;7000;1;1
Arquimedes_Atarraya;2795;3819;2285;3437; ; ; ; ; ; ; ; ; ; ;2;2
Puerto Real - Saloa_Red de enmalle fija continental;1197;2372;713;2328; ; ; ; ;154;341; ; ;1000;2000;1;2
Arquimedes_Línea de mano fija marina;3419;4941;764;2603; ; ; ; ; ; ; ; ; ; ;1;2
El Porvenir_Línea de mano fija marina;2528;9292;1213;3145; ; ; ; ;144;582;17400;30000;5000;5000;1;3
Casco urbano Roma_Red de enmalle fija continental; ; ; ; ; ; ; ; ; ; ; ; ; ; ;1;1
Santa Clara_Atarraya; ; ; ; ; ; ; ; ;341;659; ; ; ; ;1;2
Puerto La Candelaria_Chinchorro continental;2087;2087;1624;1869; ; ; ; ;626;626; ; ; ; ;3;3
Villa Venecia_Red de enmalle de encierro continental;3551;3976; ; ; ; ; ; ;409;469; ; ; ; ;2;2
El Ferry_Chinchorra;2483;3398;973;1883; ; ; ; ;181;260; ; ;1050;1950;2;2
Caño Grande_Red de enmalle fija continental; ; ; ; ; ; ; ; ; ; ; ; ; ; ;1;1
Santa Clara_Red de enmalle de deriva continental; ; ; ; ; ; ; ; ;533;628; ; ; ; ;2;2
Puerto Bello_Red de enmalle fija continental;1143;1994;828;1011; ; ; ; ;117;190; ; ;2000;3000;2;2
Rincón_Red de enmalle de encierro continental;3494;4000; ; ; ; ; ; ;297;509; ; ;1600;1600;2;2
Playa Necoclí_Red de enmalle fija marina;1317;3921;1883;3143; ; ; ; ;737;1868; ; ;24500;40000;2;3
Playa Necoclí_Red de enmalle camaronera;5405;5405;3507;4281; ; ; ; ;1622;1622; ; ;15000;15000;1;1
Santa Clara_Palangre calandrio; ; ; ; ; ; ; ; ;76;149;4500;7500; ; ;1;2
Berlín_Red de enmalle fija continental; ; ; ; ; ; ; ; ; ; ; ; ; ; ;1;2
Sivirú_Red de enmalle camaronera;3922;6591;3208;5983; ; ; ; ; ; ; ; ; ; ;1;2
Santa Rosa_Red de enmalle de deriva marina; ; ;2752;3496; ; ; ; ; ; ; ; ;3000;3000;2;3
Lamas_Red de enmalle fija continental;915;2104;215;286; ; ; ; ;66;151; ; ;1000;1850;1;2
Puerto Amor_Red de enmalle fija continental;2087;4286;425;1038; ; ; ; ;56;146; ; ; ; ;1;2
Puerto Boquillas_Red de enmalle fija continental;1165;2460; ; ; ; ; ; ;86;154; ; ;1000;3000;1;2
Puerto Antequera_Red de enmalle fija continental ciénaga; ; ; ; ; ; ; ; ; ; ; ; ; ; ;1;2
Santa Rosa_Buceo marino mixto; ; ;2583;4838; ; ; ; ; ; ; ; ;3000;3000;4;8
Pesquera Aspabab_Red de enmalle fija marina;3301;5412;4974;6755; ; ; ; ; ; ; ; ; ; ;2;2
Pesquera Aspabab_Red de enmalle camaronera;3084;5093;2319;6316; ; ; ; ;511;1563; ; ; ; ;2;2
Berlín_Red de enmalle de deriva continental; ; ;4154;5632; ; ; ; ; ; ; ; ; ; ;1;3
Berlín_Atarraya; ; ; ; ; ; ; ; ; ; ; ; ; ; ;2;2
La Charca de Guarinocito_Atarraya; ; ; ; ; ; ; ; ; ; ; ; ; ; ;2;2
Playa Totumo_Red de enmalle fija marina;1838;4094;858;5871; ; ; ; ;126;904; ; ; ; ;1;2
Berlín_Línea de mano fija continental; ; ;674;1292; ; ; ; ; ; ; ; ; ; ;2;2
Berlín_Palangre calandrio; ; ;1067;1218; ; ; ; ; ; ; ; ; ; ;1;2
Caño Grande_Atarraya;1068;2725; ; ; ; ; ; ;404;697; ; ; ; ;1;2
Marralú_Palangre calandrio;1379;1379;196;476; ; ; ; ;138;138; ; ; ; ;1;2
Nueva Colonia_Red de enmalle de encierro marina;2110;2898;3597;6725; ; ; ; ;879;1120; ; ;6000;6000;2;2
Barrio Santa Lucía_Red de enmalle fija marina; ; ;2151;5394; ; ; ; ;119;311; ; ; ; ;2;3
Marralú_Red de enmalle fija continental; ; ;217;638; ; ; ; ;96;118; ; ; ; ;1;2
La Isla de los Palacios_Red de enmalle fija continental; ; ;530;550; ; ; ; ; ; ; ; ; ; ;2;2
Nueva Colonia_Red de enmalle fija marina;1616;2824;3121;4628; ; ; ; ;650;957; ; ; ; ;2;2
Puerto Amor_Chinchorra;3069;10844;1417;5361; ; ; ; ;220;791; ; ; ; ;2;4
Cecilia_Red de enmalle fija continental;1374;2031;330;554; ; ; ; ; ; ; ; ; ; ;1;2
Caño Grande_Línea de mano fija continental;2000;2000; ; ; ; ; ; ; ; ; ; ; ; ;1;1
Ciénaga de Mesolandia_Red de enmalle fija continental;1415;3155;338;559; ; ; ; ;95;184; ; ; ; ;1;2
Nueva Colonia_Red de enmalle fija continental;1687;2277;3110;4125; ; ; ; ;653;911; ; ; ; ;2;2
Poportín_Red de enmalle fija marina;756;1087;2485;2609; ; ; ; ;193;261; ; ; ; ;2;2
Puerto de las Canoas (Puerto Berrío)_Chinchorra mallona;501;1730;1139;4036; ; ; ; ;355;961; ; ; ; ;4;7
Puerto de las Canoas (Puerto Berrío)_Atarraya rastra;1765;1765;8824;8824; ; ; ; ;706;706; ; ; ; ;10;10
Cecilia_Atarraya; ; ;1619;1897; ; ; ; ; ; ; ; ; ; ;1;2
Puerto Asure_Red de enmalle fija continental;1807;2824; ; ; ; ; ; ;88;210; ; ; ; ;1;2
Puerto de las Canoas (Puerto Berrío)_Atarraya;1170;2376;1823;3465; ; ; ; ;246;475; ; ; ; ;2;3
Cecilia_Red de enmalle de deriva continental; ; ; ; ; ; ; ; ; ; ; ; ; ; ;2;2
Puerto de las Canoas (Puerto Berrío)_Palangre calandrio;814;2572;1951;5749; ; ; ; ;254;754;10000;20000; ; ;2;5
Uveros_Red de enmalle camaronera; ; ;2392;2392; ; ; ; ;128;128; ; ; ; ;2;2
Puerto Asure_Palangre calandrio;1958;2655;357;357; ; ; ; ;88;180; ; ; ; ;1;2
San Antonio de Padua_Red de enmalle fija continental;969;1690;435;1395; ; ; ; ; ; ; ; ; ; ;1;2
Puerto Asure_Atarraya;2225;5400; ; ; ; ; ; ;250;518; ; ; ; ;2;2
Pizarro_Red de enmalle fija marina;1550;3300;1754;4685; ; ; ; ;1527;2267; ; ; ; ;2;3
Honda_Atarraya;2510;7086;1261;1536; ; ; ; ;392;451;25000;48000;3000;10100;1;2
Puerto Bogotá_Cóngolo; ; ; ; ; ; ; ; ; ; ; ; ; ; ;1;1
Puerto Bogotá_Atarraya; ; ; ; ; ; ; ; ; ; ; ; ; ; ;1;1
La Casa del Pescador_Red de enmalle de deriva marina;4045;13046;4854;15655; ; ; ; ;331;1044; ; ; ; ;2;2
Pizarro_Red de enmalle de deriva marina;1728;5981;1683;7255; ; ; ; ;1098;2299; ; ;1,00E+05;1,00E+05;2;5
Pueblo Nuevo (Barrancominas)_Palangre calandrio;1283;2119; ; ; ; ; ; ; ; ; ; ; ; ;1;1
Mercado (Lorica)_Palangre calandrio;2703;3604; ; ; ; ; ; ; ; ; ; ; ; ;2;2
Puerto Real - Saloa_Palangre calandrio;1248;2147;1058;1501; ; ; ; ;103;213; ; ;1000;1000;1;2
Bazurto_Red de enmalle fija marina;2812;4421;2812;7655; ; ; ; ;471;951; ; ; ; ;2;2
El Pájaro_Buceo marino mixto; ; ;2701;3472; ; ; ; ; ; ; ; ; ; ;4;4
Isla Fuerte_Línea de mano fija marina;2011;4237;6189;18135; ; ; ; ;656;1648; ; ;4450;9100;1;3
Las Delicias_Red de enmalle fija marina; ; ;851;2230; ; ; ; ;176;311; ; ; ; ;1;2
Rincón del Mar_Red de enmalle de encierro marina;1796;3000;6750;10506; ; ; ; ;228;416; ; ; ; ;1;3
Las Delicias_Red de enmalle de encierro marina; ; ;2943;28700; ; ; ; ; ; ; ; ; ; ;4;5
Las Delicias_Buceo de langosta; ; ;1644;2607; ; ; ; ; ; ; ; ; ; ;2;4
Rincón del Mar_Buceo marino mixto;1956;2714;3920;10430; ; ; ; ; ; ; ; ; ; ;1;4
Punta de blanco_Red de enmalle fija continental; ; ;328;518; ; ; ; ;106;163; ; ; ; ;1;2
Rincón del Mar_Línea de mano fija marina;1695;2834;2116;8923; ; ; ; ;152;521; ; ; ; ;1;3
Casco Urbano (San Juan de Urabá)_Red de enmalle fija marina;912;2574;4682;8709; ; ; ; ;387;959; ; ; ; ;2;3
Taganga_Buceo de peces;2861;3413;6867;8191; ; ; ; ;294;351; ; ;6000;6000;6;6
Puerto Principal (Puerto Lleras)_Red de enmalle fija continental;4845;4967;4141;4364; ; ; ; ; ; ; ; ; ; ;2;2
Rincón del Mar_Nasa de langostas;54;93;144;313; ; ; ; ; ; ;4000;6700; ; ;3;3
Puerto Chucha_Red de enmalle fija marina;1041;3717;987;2693; ; ; ; ;111;350; ; ;4000;7000;2;2
El Muelle (Puerto López)_Palangre calandrio;2768;4439;1499;1938; ; ; ; ;321;454;10000;10000;10000;10000;1;2
Cecilia_Palangre calandrio;1753;1969; ; ; ; ; ; ; ; ; ; ; ; ;2;2
Méjico_Red de enmalle de deriva continental; ; ; ; ; ; ; ; ; ; ; ; ; ; ;2;2
Méjico_Red de enmalle fija continental; ; ;583;1248; ; ; ; ; ; ; ; ; ; ;1;2
El Valle_Palangre o espinel de fondo;2132;3423;6195;8446; ; ; ; ;860;1086;18225;52650; ; ;1;4
Playa Blanca (Ayapel)_Red de enmalle fija continental; ; ;650;864; ; ; ; ; ; ; ; ;2000;4000;1;2
Méjico_Línea de mano fija continental; ; ;715;1052; ; ; ; ; ; ; ; ; ; ;1;2
Dotenedó_Red de enmalle fija marina; ; ;2282;17145; ; ; ; ; ; ; ; ; ; ;1;3
Playa Totumo_Línea de mano fija marina;2155;2155;3621;3621; ; ; ; ;690;690; ; ; ; ;2;2
Puerto Montecristo_Atarraya;2612;4504; ; ; ; ; ; ;164;296; ; ; ; ;1;2
Puerto Montecristo_Red de enmalle fija continental; ; ; ; ; ; ; ; ; ; ; ; ; ; ;1;2
Manaure Abajo_Palangre o espinel de fondo;2374;3288;4937;8262; ; ; ; ;317;438;15000;15000; ; ;2;2
Manaure Abajo_Red de enmalle de encierro marina;1357;1720;16651;32455; ; ; ; ; ; ; ; ; ; ;5;5
Cispataca_Red de enmalle fija continental; ; ; ; ; ; ; ; ; ; ; ; ; ; ;1;2
Doña Ana_Red de enmalle fija continental; ; ;333;499; ; ; ; ;75;114; ; ; ; ;1;2
Puerto Chaparro_Red de enmalle de deriva continental;3611;3611;1580;4549; ; ; ; ;246;1620; ; ; ; ;1;3
Puerto Chaparro_Chinchorro continental;1610;2743;3581;6981; ; ; ; ;635;1585; ; ; ; ;3;3
Berrugas_Red de enmalle de encierro marina;1768;2975;6911;18751; ; ; ; ;834;1483; ; ; ; ;3;4
Los Tendales_Atarraya; ; ; ; ; ; ; ; ; ; ; ; ; ; ;2;2
Puerto Chaparro_Atarraya;3770;4806;1262;2494; ; ; ; ;282;1044;7600;27000; ; ;1;2
Berrugas_Chinchorro marino;1656;3000;5066;14935; ; ; ; ;612;1256; ; ; ; ;10;15
Puerto Chaparro_Red de enmalle fija continental;1316;4237;549;3360; ; ; ; ;232;1107; ; ; ; ;1;3
Berrugas_Línea de mano fija marina;1654;2105;6897;6897; ; ; ; ;198;472;10000;10000; ; ;1;2
Marriaga_Red de enmalle fija continental; ; ;852;1155; ; ; ; ; ; ; ; ; ; ;1;1
Berrugas_Buceo de peces;1674;3000;2033;2033; ; ; ; ; ; ; ; ; ; ;1;2
Isla Fuerte_Línea de mano correteo curricán o trolling;2411;5977;3338;17882; ; ; ; ;617;941; ; ;3000;8300;1;3
Puerto Abajo (Dibulla)_Línea de mano fija marina;10000;10000; ; ; ; ; ; ; ; ;10000;10000; ; ;1;1
San José_Atarraya; ; ; ; ; ; ; ; ; ; ; ; ; ; ;1;1
San José_Nasas de Peces; ; ;1051;2211; ; ; ; ; ; ;22700;45000; ; ;1;2
Laguna Colorada_Palangre calandrio;951;2532; ; ; ; ; ; ; ; ; ; ; ; ;1;2
San José_Red de enmalle fija continental; ; ; ; ; ; ; ; ; ; ; ; ; ; ;1;1
Sapzurro_Línea de mano fija marina;4727;10196;10948;25840; ; ; ; ;1122;2447; ; ; ; ;2;2
Guineal_Palangre o espinel de fondo;1166;8850;2679;14683; ; ; ; ;282;831; ; ;3350;10000;1;3
Nueva Colonia_Flecha;1912;3523;3308;6150; ; ; ; ;723;1409; ; ;5600;6000;2;2
Guineal_Línea de mano fija marina;6000;10000; ; ; ; ; ; ; ; ; ; ;2100;3900;1;1
Puerto (Orocué)_Red de enmalle fija continental;773;1088;1404;2701; ; ; ; ;290;397; ; ; ; ;2;2
La Peinada_Red de enmalle fija continental;1102;1683; ; ; ; ; ; ;87;105; ; ;2000;2000;1;2
Puerto Arriba (Dibulla)_Red de enmalle de encierro marina;2418;5000;16060;25497; ; ; ; ; ; ; ; ; ; ;4;5
La Peinada_Atarraya;2620;4821; ; ; ; ; ; ;125;381; ; ; ; ;1;2
Puerto Arriba (Dibulla)_Red de enmalle fija marina;1069;2086;2404;6548; ; ; ; ;345;675; ; ; ; ;2;3
Concepción - Tacamocho_Chinchorra;672;1322; ; ; ; ; ; ;359;660; ; ;2000;5000;3;6
Concepción - Tacamocho_Red de enmalle fija continental; ; ; ; ; ; ; ; ; ; ; ; ; ; ;2;2
La Ensenada_Red de enmalle camaronera;3786;6876;4938;10457; ; ; ; ; ; ; ; ; ; ;2;2
Concepción - Tacamocho_Palangre calandrio; ; ; ; ; ; ; ; ; ; ; ; ; ; ;1;2
Puerto Amor_Palangre calandrio;1759;3223; ; ; ; ; ; ;81;125; ; ; ; ;1;2
Yaguará_Atarraya;2521;4299;912;2239; ; ; ; ;288;652; ; ; ; ;2;2
Tribugá_Línea de mano correteo curricán o trolling;2962;4552; ; ; ; ; ; ;244;366; ; ; ; ;2;2
Armenia_Red de enmalle fija continental;1127;1937;402;1871; ; ; ; ;161;316; ; ;2000;4000;1;2
Puente Chambacú - Río Jella_Línea de mano fija marina;3297;8649;4460;14290; ; ; ; ;620;1394; ; ;5000;10500;2;3
Puente Chambacú - Río Jella_Palangre o espinel de fondo;2230;3983;3434;6757; ; ; ; ;512;1551; ; ;480000;1470000;2;4
Puente Chambacú - Río Jella_Línea de mano correteo curricán o trolling;8451;17744;13266;42104; ; ; ; ;1304;3561; ; ;5000;5000;2;3
Codis_Línea de mano fija marina;1549;4330;1194;2720; ; ; ; ;309;769;16000;34000; ; ;2;2
Bocas de Seheve_Atarraya; ; ;1857;2558; ; ; ; ; ; ; ; ; ; ;1;2
Codis_Red de enmalle fija marina;1550;1739;994;2087; ; ; ; ;264;345; ; ; ; ;2;2
Bazán_Palangre o espinel de fondo;5288;8884;8111;11718; ; ; ; ;2308;3640; ; ; ; ;3;4
Río San Miguel_Red de enmalle fija continental;3500;3500;225;1575; ; ; ; ; ; ; ; ; ; ;1;2
Marralú_Atarraya;2000;2381;1600;1600; ; ; ; ;375;474; ; ; ; ;1;2
Puerto Arriba (Dibulla)_Red de enmalle langostera;867;1386;4248;5474; ; ; ; ; ; ; ; ; ; ;3;3
Las Balsas_Red de enmalle fija continental;3976;6109;2117;3796; ; ; ; ;224;468; ; ;10000;10000;1;2
Puerto de Bolombolo_Palangre calandrio; ; ;867;1000; ; ; ; ; ; ; ; ;15000;30000;1;1
Bahía de Cispatá_Red de arrastre artesanal o changa;2481;2540;12285;13689; ; ; ; ;153;165; ; ;8000;8000;2;2
Vida Tranquila_Red de enmalle fija continental;1396;2593;1134;2489; ; ; ; ;178;319; ; ;2000;5000;1;2
Bahía de Cispatá_Chinchorro marino;1172;2274;3851;10309; ; ; ; ;136;240; ; ;20000;20000;9;10
La Grande_Red de enmalle fija continental; ; ;1102;2205; ; ; ; ; ; ; ; ; ; ;1;4
Barrio Chino_Red de enmalle fija continental; ; ;432;614; ; ; ; ;164;164; ; ; ; ;1;2
Barrio Chino_Chinchorro continental; ; ;555;1222; ; ; ; ; ; ; ; ; ; ;3;4
Bahía de Cispatá_Atarraya;1801;3411;1242;1242; ; ; ; ;172;263; ; ;2000;6000;1;2
Vida Tranquila_Chinchorro continental;1405;1952;1033;2568; ; ; ; ;178;363; ; ;3200;5000;2;2
Bahía de Cispatá_Red de enmalle fija marina;1127;2830;227;1677; ; ; ; ;123;246; ; ;2000;6000;1;2
Bahía de Cispatá_Línea de mano fija marina;1281;4156;755;3223; ; ; ; ;99;357;6300;14450;2000;3450;1;3
Vida Tranquila_Atarraya;1201;1999;1078;1251; ; ; ; ;173;340; ; ;2000;4500;2;2
Bahía de Cispatá_Red de enmalle de encierro marina;1541;4219;1962;6862; ; ; ; ;153;339; ; ;4000;6000;2;3
Vida Tranquila_Palangre calandrio;1621;2926; ; ; ; ; ; ;179;310; ; ;2000;5000;1;2
Jurubirá_Línea de mano fija marina;3632;14000;9012;24624; ; ; ; ; ; ; ; ; ; ;1;3
Jurubirá_Palangre o espinel de fondo;2111;7235;4474;10827; ; ; ; ; ; ; ; ; ; ;1;3
Barrio Chino_Línea de mano fija continental; ; ; ; ; ; ; ; ; ; ; ; ; ; ;1;1
Casco Urbano (San Juan de Urabá)_Red de arrastre artesanal o changa;3374;4195;10238;11961; ; ; ; ;732;1361; ; ; ; ;3;3
Puerto Colorado_Red de enmalle fija continental; ; ;693;1037; ; ; ; ; ; ; ; ; ; ;1;1
Puerto Los Córdobas_Red de enmalle fija marina; ; ;1166;4499; ; ; ; ;416;657; ; ; ; ;2;3
Puerto Colorado_Línea de mano fija continental; ; ;710;1160; ; ; ; ; ; ; ; ; ; ;1;1
Piedras Blancas_Buceo marino mixto; ; ;1931;3288; ; ; ; ; ; ; ; ; ; ;2;7
Piedras Blancas_Buceo de langosta; ; ;1898;3339; ; ; ; ; ; ; ; ; ; ;2;3
Sicará_Red de enmalle fija continental;2776;3559; ; ; ; ; ; ;163;181; ; ;2050;2950;1;1
Bocanegra_Chinchorro marino;3249;5000;2885;6752; ; ; ; ; ; ; ; ;4000;7250;6;12
Punta Bonita_Red de cerco;2909;5335;59167;112500; ; ; ; ;8305;19356; ; ; ; ;12;13
Bocanegra_Red de enmalle fija marina;1235;3702;3125;3125; ; ; ; ;61;185; ; ;4000;4550;1;2
Cangrejito_Red de enmalle fija marina;721;2176;954;2745; ; ; ; ;142;402; ; ; ; ;1;2
Cangrejito_Línea de mano fija marina;868;1943; ; ; ; ; ; ; ; ;3000;4000; ; ;1;2
Bocanegra_Atarraya;3655;4017; ; ; ; ; ; ;128;257; ; ; ; ;1;2
Cangrejito_Palangre o espinel de fondo;1001;1808;2362;6833; ; ; ; ;141;675;4800;20800; ; ;1;2
Punta Bonita_Red de enmalle camaronera;5456;10000;7989;18121; ; ; ; ;3967;12502; ; ;20000;20000;3;3
Puerto Panseguita_Red de enmalle fija continental; ; ;410;530; ; ; ; ; ; ; ; ;2000;2000;1;2
Puerto Panseguita_Red de enmalle de deriva continental;2387;2928;2031;2667; ; ; ; ;273;358; ; ; ; ;2;2
San Nicolás (Nechí)_Red de enmalle fija continental;2574;5976;434;1385; ; ; ; ;60;345; ; ; ; ;1;2
San Nicolás (Nechí)_Palangre calandrio; ; ;855;2877; ; ; ; ;270;521; ; ; ; ;1;2
San Nicolás (Nechí)_Atarraya;5494;9583;1508;3458; ; ; ; ;286;946; ; ; ; ;1;2
San Nicolás (Nechí)_Red de enmalle de deriva continental;5323;11483;1092;5106; ; ; ; ;180;820; ; ; ; ;1;2
Arroyito_Línea de mano fija marina;1449;3000;684;1413; ; ; ; ;140;257;3000;5000; ; ;1;2
Arroyito_Atarraya;1000;3000; ; ; ; ; ; ;208;346; ; ; ; ;1;1
Primera Ensenada_Línea de mano fija marina;2622;4186;5349;7273; ; ; ; ;800;1116;20000;25100; ; ;2;3
Nueva Estrella_Red de enmalle fija continental; ; ; ; ; ; ; ; ; ; ; ; ; ; ;1;1
Puerto Los Córdobas_Red de enmalle de deriva marina;3208;5638;2646;6138; ; ; ; ;612;1128; ; ; ; ;2;3
Belén (San Marcos)_Red de enmalle fija continental;1665;1958; ; ; ; ; ; ;33;158; ; ; ; ;1;1
Nueva Ola_Red de enmalle fija continental; ; ;315;315; ; ; ; ; ; ; ; ; ; ;1;2
Nueva Ola_Línea de mano fija continental; ; ;295;361; ; ; ; ; ; ; ; ; ; ;1;2
Virudó_Red de enmalle fija marina; ; ;2671;2882; ; ; ; ; ; ; ; ; ; ;2;2
Virudó_Palangre o espinel de fondo; ; ;2693;5432; ; ; ; ; ; ; ; ; ; ;2;2
Nueva Ola_Palangre calandrio; ; ; ; ; ; ; ; ; ; ; ; ; ; ;1;1
Costilla_Red de enmalle fija continental;2438;4021; ; ; ; ; ; ;69;185; ; ;3000;3000;1;2
Virudó_Línea de mano fija marina; ; ;5797;5797; ; ; ; ; ; ; ; ; ; ;2;2
Domingodó_Red de enmalle fija continental;4037;4037;1905;3944; ; ; ; ; ; ; ; ; ; ;1;2
Virudó_Red de enmalle de deriva marina; ; ;4827;8971; ; ; ; ; ; ; ; ; ; ;2;2
Guacamayo_Red de enmalle fija continental; ; ; ; ; ; ; ; ; ; ; ; ; ; ;1;1
Caño Lobo_Atarraya;3225;6883; ; ; ; ; ; ;116;255;4350;5000;4000;8000;1;2
Cabo Marzo_Línea de mano fija marina;2494;5550;4293;9042; ; ; ; ;675;1460; ; ;94000;485000;2;3
Guacamayo_Red de enmalle de deriva continental; ; ;4505;4505; ; ; ; ; ; ; ; ; ; ;2;2
Bocanegra_Palangre o espinel de fondo;3587;5000;2551;4627; ; ; ; ; ; ; ; ;4000;5000;2;2
Puerto Chucha_Red de enmalle de encierro marina;2129;7130;2216;8333; ; ; ; ;227;863; ; ;3700;7300;2;2
Caño Lobo_Línea de mano fija marina;3549;4852; ; ; ; ; ; ;167;268; ; ;4000;4000;1;1
Nueva Ola_Atarraya; ; ;628;1512;5250;9750;5250;9750;389;622; ; ; ; ;1;2
Guacamayo_Línea de mano fija continental; ; ;791;1088; ; ; ; ; ; ; ; ; ; ;1;2
Caño Lobo_Palangre o espinel de fondo;4037;4715; ; ; ; ; ; ;210;267; ; ;4000;4000;1;1
Caño Lobo_Red de enmalle fija marina;2475;3552;365;730; ; ; ; ;129;158; ; ;4000;4000;1;1
Vigía_Red de enmalle de deriva marina;2700;5000;3333;6933; ; ; ; ; ; ; ; ; ; ;2;2
Barrio La Unión_Red de enmalle fija marina;1052;1052;2686;3394; ; ; ; ;210;210; ; ; ; ;2;3
Puerto Rico [Meta]_Palangre calandrio;2414;3345;3234;4580; ; ; ; ;253;329; ; ; ; ;2;2
Puerto Rico [Meta]_Red de enmalle de deriva continental;2970;3096;3454;3550; ; ; ; ;346;369; ; ; ; ;2;2
Barrio La Unión_Línea de mano fija marina;1180;4505;1442;6429; ; ; ; ;271;1004;10000;22750; ; ;2;3
Casino_Línea de mano fija marina;1588;4003;1021;4687; ; ; ; ;122;1200;5000;126000;32000;59000;1;3
Casino_Palangre o espinel de fondo;1502;2531;912;1495; ; ; ; ;127;247;12000;24700; ; ;1;2
Costilla_Nasas de Peces;2271;3745; ; ; ; ; ; ;69;156;10000;20000; ; ;1;2
Cupica_Línea de mano fija marina;2333;2709;2267;4565; ; ; ; ;667;746; ; ;5000;5000;2;2
La Boquilla_Chinchorro marino;887;1404;6682;17043; ; ; ; ; ; ; ; ; ; ;11;15
San Luis_Red de enmalle fija continental; ; ; ; ; ; ; ; ; ; ; ; ; ; ;2;2
Isla Fuerte_Red de enmalle de encierro marina;2252;3652;1514;4529; ; ; ; ; ; ; ; ; ; ;2;2
Vigía de Curvaradó_Red de enmalle fija continental; ; ;1461;3365; ; ; ; ;3398;4163; ; ; ; ;1;4
Barrio La Unión_Red de enmalle langostera;908;1140;1682;1798; ; ; ; ; ; ; ; ; ; ;2;2
Puerto Maco/Puerto Momico_Atarraya;3281;3788;1091;1224; ; ; ; ;600;673; ; ;12000;12000;2;2
Campo alegre_Red de enmalle fija continental;1020;1639;400;863; ; ; ; ;93;153; ; ; ; ;1;2
La Boquilla_Palangre o espinel de superficie;1649;1649;621;1015; ; ; ; ;247;247;8000;13200; ; ;1;1
Puerto Maco/Puerto Momico_Red de enmalle fija continental;5381;6684;874;976; ; ; ; ;437;488; ; ; ; ;1;1
La Boquilla_Red de enmalle fija marina;977;1694;1133;3120; ; ; ; ;133;339; ; ; ; ;1;2
Puerto Maco/Puerto Momico_Palangre calandrio;2386;4469;545;595; ; ; ; ;273;298;4000;4000; ; ;1;2
Barrio Pambelé_Red de enmalle fija marina;2132;4406;1944;13392; ; ; ; ;575;872; ; ;2000;2000;2;3
La Boquilla_Atarraya;2000;3000; ; ; ; ; ; ; ; ; ; ;5000;6000;1;1
Puerto Barrio El Progreso_Red de enmalle fija continental;2093;3741;1265;1332; ; ; ; ;197;391; ; ;4000;5650;2;3
Nueva Ola_Red de enmalle de deriva continental; ; ;1601;1913; ; ; ; ;462;462; ; ; ; ;1;2
Chapinero_Red de enmalle fija continental;1867;3645; ; ; ; ; ; ;202;237; ; ;20000;30000;2;2
Villanueva_Red de enmalle fija continental; ; ; ; ; ; ; ; ; ; ; ; ; ; ;1;1
El Malecón (Neiva)_Atarraya;1379;4296;586;2011; ; ; ; ;60;182; ; ;30000;40000;2;2
La Chamba_Atarraya;1767;3000;2944;7039; ; ; ; ;428;930; ; ; ; ;1;3
Agropez_Atarraya;4762;6250;2406;3716; ; ; ; ;952;1250; ; ; ; ;2;2
Ciénaga de Mesolandia_Atarraya;1612;3486; ; ; ; ; ; ;127;260; ; ; ; ;1;3
Agropez_Línea de mano fija marina;2946;3332;2360;3279; ; ; ; ;589;666;25000;25000; ; ;2;2
Manaure Centro_Red de enmalle de encierro marina;1337;1935;17486;35752; ; ; ; ; ; ; ; ; ; ;5;5
Agropez_Red de enmalle fija marina;2857;4757;1972;2985; ; ; ; ;571;870; ; ; ; ;2;2
El Llanito_Atarraya;2188;4786;1560;13546; ; ; ; ;338;756; ; ; ; ;2;2
El Pedral_Atarraya; ; ; ; ; ; ; ; ; ; ; ; ;5000;5000;1;1
El Pedral_Red de enmalle de deriva continental;2794;6213;1274;2500; ; ; ; ;83;264; ; ;5000;5000;2;2
Ciénaga del Totumo_Atarraya;1594;2421;353;353; ; ; ; ; ; ; ; ; ; ;2;2
Muelle Hong Kong_Palangre calandrio;2620;4782;1559;5556; ; ; ; ;1098;1098; ; ;50000;50000;1;2
La Chamba_Red de enmalle de deriva continental;1083;3000;3731;6314; ; ; ; ;489;812; ; ; ; ;2;3
La Boquilla_Línea de mano fija marina;1406;2728;4653;11101; ; ; ; ;374;771;25000;51250; ; ;2;3
Barrio Abajo (Ciénaga)_Red de arrastre artesanal o changa;2481;3868;9094;14529; ; ; ; ;248;392; ; ; ; ;2;2
La Chamba_Línea de mano fija continental;1575;2925;3061;3061; ; ; ; ;510;510; ; ; ; ;1;2
Barrio Abajo (Ciénaga)_Red de enmalle fija marina;731;777;1498;3065; ; ; ; ;112;153; ; ; ; ;3;3
Costilla_Palangre calandrio;2910;3427; ; ; ; ; ; ;71;100; ; ; ; ;1;1
Barrio Abajo (Ciénaga)_Red de enmalle de encierro marina;2308;6000;15270;39602; ; ; ; ; ; ; ; ; ; ;5;5
El Llanito_Red de enmalle de deriva continental;2470;5000;3561;6000; ; ; ; ;288;429; ; ; ; ;2;2
Juanchaco_Línea de mano fija marina;4466;8943;6748;22337; ; ; ; ;660;952; ; ; ; ;2;3
El Llanito_Palangre calandrio;1582;2471;1793;3058; ; ; ; ;125;208;7400;8000; ; ;2;2
Las Brisas_Red de enmalle fija continental;1597;2174;286;479; ; ; ; ; ; ; ; ; ; ;1;2
Guazo_Chinchorro continental; ; ;1275;1810; ; ; ; ; ; ; ; ; ; ;6;6
Guazo_Red de enmalle fija continental; ; ;275;373; ; ; ; ; ; ; ; ; ; ;1;1
Guazo_Palangre calandrio; ; ;300;300; ; ; ; ; ; ; ; ; ; ;1;1
Guazo_Red de enmalle de deriva continental; ; ;1545;2289; ; ; ; ; ; ; ; ; ; ;1;1
Tajamar Occidental_Línea de mano cometa;2953;3500; ; ; ; ; ; ;984;1530; ; ; ; ;1;1
Isla Fuerte_Nasa de langostas;72;144;361;737; ; ; ; ; ; ;25500;30000; ; ;4;5
Isla Fuerte_Red de enmalle fija marina; ; ;1431;2349; ; ; ; ; ; ; ; ; ; ;1;2
Casco urbano (Puerto Escondido)_Red de enmalle fija marina;1912;2812;644;2137; ; ; ; ;330;370; ; ; ; ;1;2
El Roto_Red de enmalle fija continental; ; ;2447;3077; ; ; ; ; ; ; ; ; ; ;1;2
El Roto_Red de enmalle fija marina; ; ;2379;4526; ; ; ; ; ; ; ; ; ; ;2;3
Mantequera_Red de enmalle fija continental;1940;2664;1059;1059; ; ; ; ;98;123; ; ;2000;3000;1;2
El Roto_Palangre o espinel de fondo; ; ;2672;3267; ; ; ; ; ; ; ; ; ; ;2;2
Mantequera_Red de enmalle de deriva continental;1646;3138;1029;1029; ; ; ; ;94;220; ; ;2000;4000;1;2
Las Flores_Red de enmalle de deriva marina;2465;3191;10973;13767; ; ; ; ;1247;1751; ; ; ; ;7;7
Isla Fuerte_Buceo marino mixto;1917;4225;6957;6957; ; ; ; ; ; ; ; ; ; ;1;2
Muelle Hong Kong_Línea de mano fija continental;2234;9300;1972;8653; ; ; ; ;592;592; ; ; ; ;1;2
Muelle Hong Kong_Red de enmalle fija continental;2228;10000;2404;8867; ; ; ; ; ; ; ; ; ; ;1;2
Las Flores_Red de enmalle fija marina;2409;3536;10828;15338; ; ; ; ;1229;1798; ; ; ; ;7;7
La Tagua_Red de enmalle fija continental; ; ;519;519; ; ; ; ; ; ;5000;5000; ; ;2;2
Mantequera_Palangre calandrio;2288;2288; ; ; ; ; ; ;102;102; ; ;3000;3000;1;1
Las Flores_Palangre o espinel de fondo;1449;4375;6051;13333; ; ; ; ;706;1875;10000;30000; ; ;2;5
Las Flores_Línea de mano fija marina;2299;10544; ; ; ; ; ; ;158;560; ; ; ; ;1;1
Desembarcadero (Juradó)_Línea de mano fija marina;6287;16135;10764;34639; ; ; ; ;3364;11050;9750;103500;45000;45000;2;4
Barrio La Unión_Palangre o espinel de fondo;1602;2736;1753;2924; ; ; ; ;222;391;10000;10000; ; ;2;2
La Rampa (Barrancabermeja)_Palangre calandrio;2117;3183;5416;8601; ; ; ; ;4641;6216;12000;13750; ; ;2;3
Las Delicias_Línea de mano fija marina; ; ;959;2211; ; ; ; ;195;445;3000;5550; ; ;2;4
Aparca_Atarraya;3561;5652;2168;3153; ; ; ; ;302;545; ; ;17500;30000;2;2
Muelle Principal (Puerto Leguízamo)_Red de enmalle fija continental;2120;4401;1326;1886; ; ; ; ;804;1049; ; ; ; ;1;2
Milagros de la Mar_Palangre o espinel de fondo;3401;5048;4324;9432; ; ; ; ;811;1956; ; ; ; ;3;4
El Porvenir_Buceo marino mixto; ; ;927;1905; ; ; ; ; ; ; ; ; ; ;1;3
Milagros de la Mar_Red de enmalle de deriva marina;4719;13986;5638;12646; ; ; ; ;1137;4123; ; ; ; ;2;3
Puerto Miraflores_Red de enmalle fija marina;2494;5875;4712;10951; ; ; ; ;959;2350; ; ; ; ;2;2
Buchadó_Red de enmalle fija continental;1504;3190;1067;2293; ; ; ; ; ; ; ; ; ; ;1;2
Puerto Principal (Leticia)_Red de enmalle fija continental;1699;3964;1008;1799; ; ; ; ;758;1415; ; ;18000;38000;1;2
Puerto Miraflores_Red de enmalle marina de fondo;1296;7122;3057;12865; ; ; ; ;518;2269; ; ; ; ;2;3
Buchadó_Línea de mano fija continental;1484;3478;1083;2291; ; ; ; ; ; ;47000;60000; ; ;1;2
Muelle Principal (Puerto Leguízamo)_Palangre calandrio;2027;3911;1230;1499; ; ; ; ;744;842; ; ; ; ;1;2
Usaragá_Línea de mano fija marina;3000;6670;2500;9781; ; ; ; ;381;1702; ; ; ; ;1;2
Plaza de mercado (La Dorada)_Red de enmalle de deriva continental;3862;4151;2724;3301; ; ; ; ; ; ; ; ; ; ;3;3
Arrimadero La Unión_Red de enmalle marina de fondo;4879;11608;2389;2941; ; ; ; ;1268;2730; ; ; ; ;2;2
El Muelle (Barrancabermeja)_Chinchorro continental;3578;3921;5363;7347; ; ; ; ;491;1053; ; ; ; ;3;4
Arrimadero La Unión_Línea de mano fija marina;3403;16017;2473;37797; ; ; ; ;1045;3917; ; ; ; ;2;3
El Muelle (Barrancabermeja)_Chinchorra;2573;4015;5019;8920; ; ; ; ;471;1962; ; ; ; ;4;6
Puerto Arriba (Dibulla)_Nasas de Peces;202;363;1186;1901; ; ; ; ; ; ; ; ; ; ;3;3
Puerto Arriba (Dibulla)_Línea de mano fija marina;2890;2890;5058;5058; ; ; ; ; ; ;6000;6000; ; ;2;2
Tapegua_Red de enmalle fija continental;2483;3467; ; ; ; ; ; ;285;417; ; ; ; ;1;2
Arrimadero La Unión_Palangre o espinel de fondo;11045;19701;6199;15944; ; ; ; ;2539;4792; ; ; ; ;2;3
Puerto Abajo (Dibulla)_Red de enmalle langostera;939;939;3380;3380; ; ; ; ; ; ; ; ; ; ;3;3
Sivirú_Red de enmalle fija marina;3613;6309;3863;10530; ; ; ; ; ; ; ; ; ; ;1;3
Punta Bonita_Chinchorro marino;934;2308;16410;52000; ; ; ; ;8593;40533; ; ; ; ;13;19
Galería (Guapi)_Red de enmalle fija marina;1286;1861;1514;2233; ; ; ; ;369;742; ; ; ; ;2;2
Ica-Copipa_Línea de mano fija marina;7718;10086;3169;10254; ; ; ; ; ; ; ; ; ; ;1;2
Guineal_Red de enmalle fija marina;1354;9269;2143;13504;20000;20000;20000;20000;391;672; ; ;6050;6950;1;3
Ica-Copipa_Red de enmalle fija marina; ; ;1534;6361; ; ; ; ;617;1357; ; ; ; ;2;2
Desembarcadero (Juradó)_Red de enmalle fija marina;4780;11220;6636;17387; ; ; ; ;3146;5759; ; ; ; ;3;3
Puerto Chaparro_Línea de mano fija continental;1854;2765;1154;3051; ; ; ; ;271;773; ; ; ; ;2;3
Morrosquillo_Línea de mano fija marina;1904;4079;710;7998; ; ; ; ;168;655;2200;53200; ; ;1;2
Puerto Chaparro_Nasas de Peces; ; ; ; ; ; ; ; ; ; ;8000;8000; ; ;1;1
Morrosquillo_Atarraya;2000;3000; ; ; ; ; ; ;178;323; ; ; ; ;1;1
Playa Totumo_Red de enmalle camaronera;1943;5079;2836;5967; ; ; ; ;313;1193; ; ; ; ;2;2
Morrosquillo_Línea de mano correteo curricán o trolling;1500;3286;1727;3236; ; ; ; ;183;319;3000;10500; ; ;1;2
Ica-Copipa_Buceo marino mixto;9900;9900;4398;4398; ; ; ; ; ; ; ; ; ; ;2;2
Puerto Triunfo_Atarraya;1606;2000;2355;5258; ; ; ; ; ; ; ; ; ; ;2;2
Puerto Triunfo_Palangre calandrio;476;2917;957;1238; ; ; ; ;204;285; ; ; ; ;1;2
Camarones_Red de enmalle de deriva marina; ; ;3938;6960; ; ; ; ; ; ; ; ; ; ;2;2
San Alejandro_Red de enmalle fija continental;1607;1607;512;1947; ; ; ; ; ; ; ; ; ; ;1;2
La Raya_Red de enmalle fija continental; ; ; ; ; ; ; ; ; ; ; ; ; ; ;1;1
La Raya_Red de enmalle de deriva continental; ; ; ; ; ; ; ; ; ; ; ; ; ; ;1;2
Camarones_Nasas de Peces; ; ;239;439; ; ; ; ; ; ; ; ; ; ;2;5
Maracayo_Red de enmalle fija continental;248;330;154;187; ; ; ; ;33;61; ; ; ; ;1;1
La Raya_Palangre calandrio; ; ; ; ; ; ; ; ; ; ; ; ; ; ;2;2
Guataquí_Palangre calandrio;946;6795; ; ; ; ; ; ; ; ; ; ; ; ;1;2
Puerto Wilches_Chinchorra mallona;1499;1970;2173;2598; ; ; ; ;461;665; ; ; ; ;4;4
Playa Necoclí_Red de enmalle fija marina campaña;2479;3000;2358;3108; ; ; ; ;916;1438; ; ;29600;37850;2;3
Guataquí_Nasas de Peces; ; ;748;769; ; ; ; ; ; ;8000;10000; ; ;1;2
Puerto Wilches_Chinchorra;1504;1972;2259;2638; ; ; ; ;565;695; ; ; ; ;4;4
Cooperativas - Pueblo Nuevo_Red de enmalle de deriva marina;1916;2728;2408;5047; ; ; ; ;844;1516; ; ; ; ;2;3
Méjico_Atarraya; ; ;2312;3010; ; ; ; ; ; ; ; ; ; ;1;2
Puerto Wilches_Línea de mano fija continental;1465;1797;2334;2599; ; ; ; ;344;636;36600;44000; ; ;4;4
Mercado (Lorica)_Línea de mano fija continental;2459;3214;1300;1300; ; ; ; ; ; ; ; ; ; ;2;2
Providencia o Caimancito_Red de enmalle fija continental; ; ; ; ; ; ; ; ; ; ; ; ; ; ;1;1
Cabo de la Vela_Nasas de Peces; ; ;74;359; ; ; ; ; ; ; ; ; ; ;3;3
Casco Urbano (Arauca)_Línea de mano fija continental;1134;5365;1075;2610; ; ; ; ;387;1134;10000;10000;5600;77000;1;3
Casco Urbano (Arauca)_Atarraya;2472;5944;1384;3510; ; ; ; ;576;1109; ; ; ; ;2;2
Codis_Atarraya;1875;2200;745;745; ; ; ; ;225;264; ; ; ; ;2;2
Miramar - Bahía Málaga_Red de enmalle fija marina; ; ;1800;7875; ; ; ; ;492;5000; ; ; ; ;1;2
Curvaradó_Red de enmalle fija continental; ; ;922;1027; ; ; ; ; ; ; ; ; ; ;1;1
Puerto Barrio El Progreso_Red de enmalle de deriva continental mallona;1847;2417;1382;1772; ; ; ; ;199;248; ; ;4000;5500;3;3
Puerto Boca_Chinchorro continental;2772;4061; ; ; ; ; ; ;353;551; ; ;10500;15000;3;3
Puerto Boca_Barredera; ; ; ; ; ; ; ; ; ; ; ; ; ; ;1;1
Caño Lobo_Buceo de caracol;3692;5390; ; ; ; ; ; ; ; ; ; ;4000;4000;1;1
Puerto Boca_Atarraya;2429;4297; ; ; ; ; ; ;197;661; ; ; ; ;2;2
Comercializadores independientes (Guapi)_Red de enmalle fija marina;5966;11419;2422;5000; ; ; ; ;2400;4353; ; ; ; ;2;2
Caño Lobo_Recolección manual de ostra;4948;7000; ; ; ; ; ; ; ; ; ; ;4000;4000;1;1
Caño Lobo_Nasa de jaibas;5570;8000; ; ; ; ; ; ;1199;1199;7950;10000;4000;4000;1;1
Tagachí_Red de enmalle de deriva continental; ; ;6372;6372; ; ; ; ; ; ; ; ; ; ;2;2
Caño Lobo_Red de enmalle de encierro marina;3503;4169; ; ; ; ; ; ;204;253; ; ;8000;8000;2;2
Tagachí_Red de enmalle fija continental; ; ;829;1595; ; ; ; ; ; ; ; ; ; ;1;2
Tagachí_Línea de mano fija continental; ; ;2065;4645; ; ; ; ; ; ; ; ; ; ;1;2
Muelles del Camarón_Red de arrastre artesanal o changa;4328;6428;16184;20490; ; ; ; ; ; ; ; ; ; ;2;2
La Pedrera_Red de enmalle fija continental;2398;7510;1396;5707; ; ; ; ;1155;1873; ; ; ; ;1;2
El Puerto (Puerto Carreño)_Red de enmalle fija continental;1909;2530;1750;1750; ; ; ; ;269;488; ; ;6000;6000;1;2
Tapegua_Atarraya;1692;3262; ; ; ; ; ; ;145;368; ; ; ; ;1;2
Puerto Boca_Línea de mano fija continental; ; ; ; ; ; ; ; ; ; ; ; ; ; ;1;2
Mulatos_Red de enmalle fija marina;3943;3943;2585;5010; ; ; ; ;1085;1614; ; ; ; ;2;3
Puerto Boca_Red de enmalle fija continental ciénaga;2356;3129; ; ; ; ; ; ;173;200; ; ;10000;11700;2;2
Policía fluvial (Quibdó)_Red de enmalle fija continental;1204;1805;690;2131; ; ; ; ; ; ; ; ; ; ;2;2
El Muelle (Puerto López)_Red de enmalle fija continental;2977;5977;1437;3345; ; ; ; ;232;485; ; ; ; ;1;3
Montaño_Red de enmalle fija continental; ; ;1053;1302; ; ; ; ; ; ; ; ; ; ;1;2
Policía fluvial (Quibdó)_Línea de mano fija continental;1296;5000;732;7394; ; ; ; ; ; ;5300;10000; ; ;2;2
Pueblo Lindo o Caimanera_Atarraya;3498;5000; ; ; ; ; ; ;198;376; ; ; ; ;2;2
Pueblo Lindo o Caimanera_Red de enmalle fija continental; ; ; ; ; ; ; ; ; ; ; ; ; ; ;1;2
Riosucio_Red de enmalle fija continental;1077;3020;1664;2327; ; ; ; ;546;750; ; ; ; ;1;2
Puerto Cabuyaro_Palangre calandrio;2352;6575;1747;7728; ; ; ; ;296;668;10000;82600; ; ;1;2
Puerto (Arauquita)_Atarraya;3672;7150; ; ; ; ; ; ;1027;2100; ; ; ; ;2;2
Puerto Principal (Leticia)_Palangre calandrio;2000;2000;1124;2164; ; ; ; ;1067;1067; ; ;8850;24150;1;2
Milagros de la Mar_Red de enmalle fija marina;5587;7048;1506;4038; ; ; ; ;558;941; ; ; ; ;1;1
Policía fluvial (Quibdó)_Red de enmalle de deriva continental;5000;6625;5083;19873; ; ; ; ; ; ; ; ; ; ;2;2
Charambirá_Red de enmalle fija marina; ; ;7642;18799; ; ; ; ; ; ; ; ; ; ;2;3
Dorada_Red de enmalle fija continental; ; ; ; ; ; ; ; ; ; ; ; ; ; ;2;2
Dorada_Atarraya; ; ; ; ; ; ; ; ;192;293; ; ; ; ;2;2
La Rampa (Barrancabermeja)_Red de enmalle de deriva continental;1786;1786;6214;6214; ; ; ; ;4286;4286; ; ; ; ;3;3
El Muelle (Barrancabermeja)_Red de enmalle de deriva continental;3125;3125;3977;3977; ; ; ; ;682;682; ; ; ; ;3;3
Betania (Montecristo)_Red de enmalle fija continental; ; ;1043;1162; ; ; ; ; ; ; ; ; ; ;2;2
Pomeño_Red de enmalle fija marina; ; ;2281;6219; ; ; ; ; ; ; ; ; ; ;2;3
Mercado (Lorica)_Red de enmalle fija continental;1427;3101;231;232; ; ; ; ;64;160; ; ; ; ;1;3
Sivirú_Línea de mano fija marina;3100;4900; ; ; ; ; ; ; ; ; ; ; ; ;1;1
Puerto Barrio El Progreso_Atarraya rastra;3750;3750;2250;2250; ; ; ; ;500;500; ; ;5000;5000;3;3
Bocas del Atrato_Red de enmalle fija marina; ; ;859;1044; ; ; ; ; ; ; ; ; ; ;1;2
Puerto La Candelaria_Red de enmalle de deriva continental; ; ;4018;6210; ; ; ; ; ; ; ; ; ; ;1;2
El Porvenir_Atarraya; ; ; ; ; ; ; ; ; ; ; ; ; ; ;1;1
Dotenedó_Recolección manual de piangua; ; ; ; ; ; ; ; ; ; ; ; ; ; ;3;4
Puerto de Bolombolo_Atarraya; ; ; ; ; ; ; ; ; ; ; ; ;20000;30000;2;2
La Pedrera_Palangre calandrio;2230;7160;1548;3772; ; ; ; ; ; ; ; ; ; ;1;2
La Pedrera_Arpón;2248;8039;1339;4267; ; ; ; ;1424;2388; ; ; ; ;1;2
Virudó_Atarraya; ; ;7407;7407; ; ; ; ; ; ; ; ; ; ;2;2
Puerto Barrio El Progreso_Red de enmalle de deriva continental;2141;3667;1355;2090; ; ; ; ;247;311; ; ;3150;4000;2;3
Punta de blanco_Palangre calandrio; ; ; ; ; ; ; ; ; ; ; ; ; ; ;1;1
La T_Nasas de Peces; ; ;425;5465; ; ; ; ; ; ; ; ; ; ;3;3
El Muelle (Barrancabermeja)_Atarraya rastra;2026;5244;4582;12571; ; ; ; ;324;839; ; ; ; ;4;4
Mayapo_Red de enmalle fija marina;1400;2138;2114;2790; ; ; ; ; ; ; ; ; ; ;2;2
San Miguel (Puerto Gaitán)_Palangre calandrio;4711;4711;1754;11090; ; ; ; ;99;99; ; ; ; ;1;2
El Pájaro_Red de enmalle fija marina;950;987;2120;6871; ; ; ; ;380;395; ; ; ; ;2;2
San Antonio de Padua_Red de enmalle de deriva continental;4417;5665;3522;5717; ; ; ; ; ; ; ; ; ; ;1;2
Palomar_Red de enmalle fija continental; ; ;193;407; ; ; ; ; ; ; ; ; ; ;1;2
Palomar_Atarraya; ; ; ; ; ; ; ; ; ; ; ; ; ; ;1;1
Palomar_Línea de mano fija continental; ; ;284;368; ; ; ; ; ; ; ; ; ; ;1;2
Puerto Abajo (Dibulla)_Chinchorro camaronero;1262;1667;11429;11429; ; ; ; ; ; ; ; ; ; ;6;6
Puerto Bello_Chinchorro continental;1425;1636;1131;1131; ; ; ; ;189;197; ; ;3050;3950;3;4
Pomeño_Red de enmalle de deriva marina;2181;3471;4542;14640; ; ; ; ;681;1599; ; ; ; ;2;3
Sapzurro_Buceo de peces; ; ; ; ; ; ; ; ; ; ; ; ; ; ;2;2
Casco Urbano (San Juan de Urabá)_Red de enmalle de deriva marina;1233;2309;5796;8062; ; ; ; ;434;592; ; ; ; ;2;3
Puerto de Bolombolo_Línea de mano fija continental; ; ; ; ; ; ; ; ; ; ;5000;5000; ; ;1;1
Puerto Amor_Arpón;4091;4091; ; ; ; ; ; ;273;273; ; ; ; ;2;2
Usaragá_Palangre o espinel de fondo;1984;4537;2633;7806;10100;11900;10100;11900;329;1911; ; ; ; ;1;2
Puerto Franco_Atarraya; ; ; ; ; ; ; ; ; ; ; ; ; ; ;1;1
Playa Totumo_Palangre o espinel de fondo;2587;4664;3953;17801; ; ; ; ;753;3260; ; ; ; ;2;2
Damaquiel_Palangre o espinel de fondo; ; ;1366;1715; ; ; ; ;87;162; ; ; ; ;2;3
Puerto Chaparro_Barredera; ; ; ; ; ; ; ; ;216;216; ; ; ; ;1;1
Pesquera Aspabab_Palangre o espinel de fondo;3860;4116;4787;5104; ; ; ; ; ; ; ; ; ; ;2;2
Puerto Barrio El Progreso_Atarraya;2775;4244;1402;2205; ; ; ; ;340;566; ; ;4000;5500;2;2
Vigía_Red de enmalle camaronera;2128;4659;2446;3638; ; ; ; ; ; ; ; ; ; ;2;2
Bocanegra_Red de enmalle de encierro marina;3427;4308; ; ; ; ; ; ;268;357; ; ;4000;4000;2;2
Paujil_Palangre calandrio;1548;3005;1760;3657; ; ; ; ; ; ; ; ; ; ;1;3
Bazurto_Línea de mano fija marina;2895;3806;4410;8000; ; ; ; ;463;1016;10000;10000; ; ;2;2
La Tranca_Red de enmalle fija continental; ; ; ; ; ; ; ; ;162;162; ; ; ; ;1;2
Las Balsas_Palangre calandrio;3650;3650;2044;2044; ; ; ; ;584;584;10000;10000;10000;10000;2;2
Dotenedó_Red de enmalle camaronera; ; ;5024;5024; ; ; ; ; ; ; ; ; ; ;1;4
Puerto Colorado_Chinchorro continental; ; ;1934;3150; ; ; ; ; ; ; ; ; ; ;2;2
Punta Bonita_Palangre o espinel de fondo;5263;5263;6316;6316; ; ; ; ;3579;3579; ; ; ; ;2;2
Punta Bonita_Red de enmalle de deriva marina;1538;6564;3318;7877; ; ; ; ;1513;6546; ; ; ; ;2;4
Guineal_Red de enmalle de encierro marina;2531;9100;2373;9211; ; ; ; ;444;444; ; ;7150;11550;1;3
Mayapo_Nasas de Peces;58;101;79;156; ; ; ; ; ; ; ; ; ; ;2;2
San José de la Calle_Línea de mano fija continental; ; ;925;5545; ; ; ; ; ; ; ; ; ; ;1;1
Arroyito_Palangre o espinel de fondo;833;1434;784;972; ; ; ; ;157;194; ; ; ; ;2;2
Puerto Boyacá_Atarraya;1574;1923;3293;4615; ; ; ; ; ; ; ; ; ; ;2;3
Puerto Boyacá_Palangre calandrio;1583;2027;3117;5646; ; ; ; ; ; ; ; ; ; ;1;4
La Raya_Atarraya; ; ; ; ; ; ; ; ; ; ; ; ; ; ;2;2
Méjico_Palangre calandrio; ; ; ; ; ; ; ; ; ; ; ; ; ; ;1;1
Mapiripán_Red de enmalle de deriva continental;2941;8543;5194;13112; ; ; ; ; ; ; ; ;42000;42000;1;2
Cooperativas - Pueblo Nuevo_Red de enmalle camaronera;1815;4113;1558;5127; ; ; ; ;744;1779; ; ; ; ;2;2
Muelle Principal (Puerto Leguízamo)_Línea de mano fija continental;1839;1916;1299;1867; ; ; ; ;682;711; ; ; ; ;2;2
Puerto Boca_Red de enmalle de deriva continental; ; ; ; ; ; ; ; ; ; ; ; ; ; ;2;2
Bazán La Bocana_Red de arrastre artesanal o changa;5383;12119;10105;15104; ; ; ; ;763;2134; ; ; ; ;1;2
Bazán La Bocana_Red de enmalle camaronera;2070;5861;3562;12133; ; ; ; ;654;1446; ; ; ; ;2;2
Bazán La Bocana_Red de enmalle fija marina; ; ;2573;3787; ; ; ; ; ; ; ; ; ; ;2;2
El Pedral_Palangre calandrio; ; ;351;397; ; ; ; ; ; ; ; ;5000;5000;1;3
Guataquí_Red de enmalle fija continental;2012;2438;1750;2500; ; ; ; ; ; ; ; ; ; ;2;2
Puerto de las Canoas (Puerto Berrío)_Chinchorra;1068;2643;2854;6260; ; ; ; ;523;973; ; ; ; ;5;7
Puerto Serviez_Chinchorra;736;2303;2391;9790; ; ; ; ;400;400; ; ; ; ;3;4
Puerto Serviez_Palangre calandrio;1449;4680;1056;2325; ; ; ; ; ; ; ; ; ; ;1;2
Puerto Serviez_Atarraya;1615;6135;2855;5572; ; ; ; ;639;639;20000;20000; ; ;2;2
Candelaria (Achí)_Palangre calandrio; ; ; ; ; ; ; ; ; ; ; ; ; ; ;1;1
Malecón (Puerto Gaitán)_Palangre calandrio;1407;4651;753;1821; ; ; ; ;249;526; ; ; ; ;2;3
El Porvenir_Línea de mano correteo curricán o trolling; ; ;1279;1545; ; ; ; ;253;253; ; ; ; ;2;2
Cabo Marzo_Palangre o espinel de fondo;3913;6850;3908;8057; ; ; ; ;551;1219; ; ;615000;1642500;3;4
Miel de Abeja_Palangre o espinel de fondo;3539;9268;6252;16072; ; ; ; ; ; ; ; ; ; ;1;2
Puerto Chucha_Red de enmalle de deriva marina;2490;2978;4001;6249; ; ; ; ;237;319; ; ;4200;7800;2;2
Puerto de desembarco (Mitú)_Línea de mano fija continental;1894;4214;1630;2417; ; ; ; ; ; ; ; ; ; ;1;1
Puerto de desembarco (Mitú)_Arpón;2055;4272;1449;2236; ; ; ; ; ; ; ; ; ; ;1;1
Santa Cruz - Naya_Red de enmalle de deriva marina;2700;5356;5590;8406; ; ; ; ;1039;2195; ; ; ; ;2;2
Pesqueras - Pueblo Nuevo_Palangre o espinel de fondo;3554;3554;15680;15680; ; ; ; ;3920;3920; ; ; ; ;5;5
Santa Cruz - Naya_Red de enmalle fija marina;4309;4543;5466;6473; ; ; ; ;809;1019; ; ; ; ;2;2
Betania - Naya_Red de enmalle camaronera;3428;5386;6152;8413; ; ; ; ;1316;2462; ; ; ; ;2;2
Betania - Naya_Palangre o espinel de superficie;6776;8978;2999;4851; ; ; ; ;491;864; ; ; ; ;1;1
Betania - Naya_Red de enmalle de deriva marina;4078;7774;5171;11142; ; ; ; ;1286;2390; ; ; ; ;2;2
Jodedor_Red de enmalle langostera;481;512;2891;5257; ; ; ; ; ; ; ; ; ; ;2;3
Buenavista (La Dorada)_Red de enmalle de deriva continental;3829;4199;2890;4027; ; ; ; ;279;314; ; ; ; ;2;5
Camarones_Línea de mano fija marina;4209;4209;10101;10101; ; ; ; ;842;842; ; ; ; ;2;2
Buenavista (La Dorada)_Palangre calandrio;1035;2121;1080;2162; ; ; ; ;68;68; ; ; ; ;1;2
La Plata - Bahía Málaga_Palangre o espinel de fondo; ; ;1057;1385; ; ; ; ;938;1123; ; ; ; ;1;2
La Plata - Bahía Málaga_Red de enmalle fija marina; ; ;1059;3600; ; ; ; ;2179;3625; ; ; ; ;1;2
Timbiquí_Red de enmalle fija marina;9968;13123;6322;8691; ; ; ; ;461;923; ; ;4200;4200;2;2
Miramar - Bahía Málaga_Línea de mano fija marina; ; ;3288;5046; ; ; ; ;481;1196; ; ; ; ;1;2
Guacamayo_Barredera;6339;7143;1450;2063; ; ; ; ; ; ; ; ; ; ;1;1
Muelles del Camarón_Red de enmalle de deriva marina;2238;7795;5988;11857; ; ; ; ;590;1315; ; ;61000;79000;2;2
Chacón_Red de enmalle fija marina;6267;12881;7429;10202; ; ; ; ;2053;3448; ; ; ; ;2;3
La Gloria_Red de enmalle fija continental;1111;2951; ; ; ; ; ; ; ; ; ; ;9600;30000;1;1
La Gloria_Palangre calandrio;2333;2435; ; ; ; ; ; ; ; ; ; ;6200;30000;1;2
San Miguel (Puerto Gaitán)_Atarraya;5278;7213;2412;5205; ; ; ; ;259;259; ; ; ; ;2;2
La Ensenada_Red de enmalle de deriva marina;4151;7179;4230;15730; ; ; ; ; ; ; ; ; ; ;2;2
Bocas del Atrato_Palangre o espinel de superficie; ; ; ; ; ; ; ; ; ; ;11050;14350; ; ;2;2
Casco Urbano (Arauca)_Red de enmalle fija continental;3999;9684;3157;3157; ; ; ; ;902;902; ; ; ; ;1;3
Muelle Hong Kong_Atarraya;2675;5825;4905;8023; ; ; ; ; ; ; ; ; ; ;1;2
Taganga_Ballestilla/Palangre parguera;1208;2727;1075;4154; ; ; ; ;535;1529;1,00E+05;2,00E+05;46250;95000;5;5
Paujil_Línea de mano fija continental;8108;8108; ; ; ; ; ; ; ; ; ; ; ; ;1;1
Orpua_Red de enmalle camaronera; ; ;3207;10752; ; ; ; ; ; ; ; ; ; ;2;2
Puerto principal (San Vicente del Caguán)_Línea de mano fija continental;6718;7641;6046;6877; ; ; ; ;537;611; ; ; ; ;2;2
La Gloria_Línea de mano fija continental;2469;2469; ; ; ; ; ; ; ; ; ; ; ; ;2;2
La Gloria_Atarraya;4319;5000; ; ; ; ; ; ; ; ; ; ;20000;20000;1;4
Sempegua_Atarraya;1877;2554;1035;2305; ; ; ; ;176;372; ; ;1750;2000;2;2
Amarales_Red de enmalle camaronera;4889;7500;2729;4505; ; ; ; ; ; ; ; ; ; ;2;2
Amarales_Red de enmalle de deriva marina;986;6625;1183;5889; ; ; ; ; ; ; ; ;5000;5000;2;2
Uveros_Red de enmalle de deriva marina;1906;2546;4938;6431; ; ; ; ;461;843; ; ; ; ;3;3
Chamuscado - Naya_Red de enmalle fija marina; ; ;3085;8688; ; ; ; ; ; ; ; ; ; ;2;2
Robles_Atarraya;1444;3575; ; ; ; ; ; ;306;535; ; ; ; ;1;2
Corozal_Red de enmalle fija marina;7245;16578;6129;49593; ; ; ; ;438;3432; ; ; ; ;2;2
La Gloria_Nasas de Peces;2274;2355;2423;3882; ; ; ; ; ; ;33000;73500;10000;10000;3;3
La Gloria_Atarraya puesteo;1818;1818;2182;2182; ; ; ; ; ; ;45000;45000; ; ;3;3
La Gloria_Chinchorra;2748;3896;2882;3714; ; ; ; ; ; ; ; ; ; ;4;4
San Nicolás (Santa Cruz De Mompox)_Palangre calandrio; ; ; ; ; ; ; ; ; ; ; ; ; ; ;1;2
Puerto Chucha_Red de enmalle fija continental;3019;3019;679;679; ; ; ; ;230;298; ; ;7000;7000;2;2
Las Delicias_Palangre o espinel de fondo; ; ;2524;3196; ; ; ; ;247;247;10000;20000; ; ;2;3
El Puerto (Tumaco)_Red de enmalle de deriva marina;1907;4472;2343;2982; ; ; ; ;363;544; ; ; ; ;2;3
Pizarro_Red de enmalle camaronera;2180;5663;2766;4364; ; ; ; ; ; ; ; ; ; ;1;2
Bahía de Santa Marta_Red de enmalle fija marina; ; ;971;999; ; ; ; ; ; ; ; ; ; ;2;2
El Puerto (Tumaco)_Red de enmalle fija marina;3012;3012;4337;4337; ; ; ; ;578;578; ; ; ; ;2;2
Berlín_Chinchorro continental; ; ;4555;9631; ; ; ; ; ; ; ; ; ; ;3;3
Taganga_Línea de mano - Ballestilla;5493;6140;6449;6877; ; ; ; ;191;695; ; ;6000;6000;2;3
Río San Miguel_Red de enmalle de deriva continental; ; ;5183;11900; ; ; ; ; ; ; ; ; ; ;1;2
Lomita Arena_Red de enmalle fija marina; ; ;1844;3627; ; ; ; ; ; ; ; ; ; ;3;5
Caño Lobo_Buceo de peces;3720;4855; ; ; ; ; ; ;208;237; ; ;4000;4000;1;1
Puerto principal (San Vicente del Caguán)_Atarraya;7708;7985;6307;7328; ; ; ; ;622;743; ; ; ; ;2;2
Barrio Chino_Atarraya; ; ; ; ; ; ; ; ; ; ; ; ; ; ;1;1
Docordó_Palangre o espinel de fondo;8429;9553;7800;9427; ; ; ; ; ; ; ; ; ; ;2;2
Puerto Panseguita_Palangre calandrio; ; ; ; ; ; ; ; ; ; ; ; ; ; ;1;1
Buenavista (La Dorada)_Atarraya;1121;1480;2854;3168; ; ; ; ;264;264; ; ; ; ;2;2
Morrosquillo_Buceo de peces;6000;6000; ; ; ; ; ; ; ; ; ; ; ; ;1;1
Playa Nueva_Red de enmalle de deriva marina;2248;4796;3878;7289; ; ; ; ; ; ; ; ; ; ;2;3
Puerto de Gamarra_Red de enmalle fija continental;1471;1471;1765;1765; ; ; ; ;588;588; ; ; ; ;2;2
Casco Urbano (San Juan de Urabá)_Palangre o espinel de fondo;299;556;3776;4459; ; ; ; ;165;326; ; ; ; ;2;3
Damaquiel_Red de enmalle de deriva marina; ; ;6315;7549; ; ; ; ;429;1335; ; ; ; ;2;3
Palanca_Red de enmalle fija continental; ; ; ; ; ; ; ; ; ; ; ; ; ; ;1;2
Palanca_Red de enmalle de deriva continental; ; ;2000;2000; ; ; ; ; ; ; ; ; ; ;1;1
Puerto de las Canoas (Puerto Berrío)_Chinchorra menuda;1016;2152;2965;5816; ; ; ; ;549;5072; ; ; ; ;4;6
Puerto de desembarco (Barrancominas)_Red de enmalle fija continental;7661;10554;8279;10721; ; ; ; ; ; ; ; ; ; ;2;2
Puerto de desembarco (Barrancominas)_Línea de mano fija continental;3333;3333; ; ; ; ; ; ; ; ; ; ; ; ;1;1
El Porvenir_Red de enmalle fija marina; ; ; ; ; ; ; ; ; ; ; ; ; ; ;2;2
Betania - Naya_Palangre o espinel de fondo;5898;5898;9961;9961; ; ; ; ;1442;1442; ; ; ; ;2;2
El Pedral_Red de enmalle fija continental;2401;4074;340;357; ; ; ; ; ; ; ; ;5000;5000;1;1
Las Flores_Palangre o espinel de superficie;1632;4226;5143;11683; ; ; ; ;685;1645;20000;24250; ; ;5;5
Chontal_Red de enmalle de deriva marina; ; ;6861;13825; ; ; ; ; ; ; ; ; ; ;2;3
Plaza de mercado (La Dorada)_Chinchorra;2188;4062;1609;2453; ; ; ; ; ; ; ; ; ; ;3;6
Palanca_Atarraya; ; ; ; ; ; ; ; ; ; ; ; ; ; ;1;2
Puerto Boyacá_Chinchorra;1562;2043;3750;6097; ; ; ; ; ; ; ; ; ; ;2;4
La Gloria_Chinchorro continental;2074;2924;5378;5916; ; ; ; ; ; ; ; ; ; ;4;4
Palomar_Palangre calandrio; ; ; ; ; ; ; ; ; ; ; ; ; ; ;2;2
Jodedor_Red de enmalle de deriva marina;1170;1847;4776;5172; ; ; ; ; ; ; ; ; ; ;2;3
Palanca_Atarraya rastra; ; ;4556;6556; ; ; ; ; ; ; ; ; ; ;4;4
Puerto de desembarco (Barrancominas)_Red de enmalle de deriva continental;1401;9734;2787;5825; ; ; ; ; ; ; ; ; ; ;2;3
Cartagena del Chairá_Línea de mano fija continental; ; ;2500;2500; ; ; ; ; ; ; ; ; ; ;1;1
La Pedrera_Línea de mano fija continental;6223;6223;1545;1545; ; ; ; ; ; ; ; ; ; ;1;1
Limones_Red de enmalle camaronera;2783;3302;5937;7045; ; ; ; ;371;440; ; ; ; ;2;2
Quiroga_Red de enmalle camaronera;3093;3908;6322;7148; ; ; ; ;412;521; ; ; ; ;2;2
Palanca_Línea de mano fija continental; ; ; ; ; ; ; ; ; ; ; ; ; ; ;1;1
El Pájaro_Red de enmalle de deriva marina; ; ;1704;5538; ; ; ; ; ; ; ; ; ; ;2;2
Palanca_Palangre calandrio; ; ; ; ; ; ; ; ; ; ; ; ; ; ;1;1
Limones_Red de enmalle fija marina;4089;4089;1745;1745; ; ; ; ; ; ; ; ; ; ;4;4
Tagachí_Atarraya; ; ;6000;6000; ; ; ; ; ; ; ; ; ; ;4;4
Puerto La Candelaria_Palangre calandrio; ; ; ; ; ; ; ; ; ; ; ; ; ; ;1;2
Pueblo Nuevo (Barrancominas)_Red de enmalle de deriva continental;1796;1796; ; ; ; ; ; ; ; ; ; ; ; ;1;1
Puerto Boca_Red de enmalle fija continental río; ; ; ; ; ; ; ; ; ; ; ; ; ; ;1;1
El Muelle (Barrancabermeja)_Palangre calandrio;3605;4019;4343;7299; ; ; ; ;437;475;15050;15950; ; ;2;2
Cartagena del Chairá_Palangre calandrio;1885;4603;2050;2942; ; ; ; ; ; ;10000;10000; ; ;1;2
Laguna Colorada_Línea de mano fija continental;3086;4083; ; ; ; ; ; ; ; ; ; ; ; ;1;1
Sapzurro_Red de enmalle fija marina; ; ;1374;1540; ; ; ; ; ; ; ; ; ; ;2;2
Arrimadero La Unión_Red de enmalle fija marina;5128;5128;6821;6821; ; ; ; ;3077;3077; ; ; ; ;3;3
Buenavista (La Dorada)_Red de enmalle de encierro continental;3470;4245;4409;4457; ; ; ; ;263;362; ; ; ; ;5;5
San Alejandro_Línea de mano fija continental; ; ;8155;8155; ; ; ; ; ; ; ; ; ; ;1;2
Puerto Serviez_Red de enmalle de deriva continental;820;3579;2363;5086; ; ; ; ; ; ; ; ; ; ;3;4
Puerto Rico [Meta]_Red de enmalle fija continental;2600;2844;3876;4129; ; ; ; ; ; ; ; ; ; ;2;2
Chontal_Palangre o espinel de superficie; ; ;5640;11521; ; ; ; ; ; ; ; ; ; ;2;2
Muelles del Camarón_Red de enmalle fija marina;4615;4615;4923;4923; ; ; ; ; ; ; ; ; ; ;2;2
Barrio La Unión_Atarraya;2537;2537;1979;1979; ; ; ; ;304;304; ; ; ; ;3;3
Pueblo Nuevo (Barrancominas)_Red de enmalle fija continental;2055;2055; ; ; ; ; ; ; ; ; ; ; ; ;1;1
Champaché_Red de enmalle fija marina;1286;3261;1501;1824; ; ; ; ;343;369; ; ; ; ;1;2
Santuario_Red de enmalle de deriva continental;5069;5069;7299;7299; ; ; ; ;811;811; ; ; ; ;4;4
Guataquí_Atarraya;2500;2500;5000;5000; ; ; ; ; ; ; ; ; ; ;2;2
Tribugá_Palangre o espinel de fondo; ; ;1334;1373; ; ; ; ; ; ; ; ; ; ;2;2
Puerto de las Canoas (Puerto Berrío)_Red de enmalle de deriva continental;682;2696;1808;2980; ; ; ; ;452;756; ; ; ; ;2;4
Usaragá_Red de enmalle de deriva marina;2639;2639;5013;5013; ; ; ; ;957;1558; ; ; ; ;2;2
Nueva Ola_Chinchorro continental; ; ;843;843; ; ; ; ; ; ; ; ; ; ;3;3
Curillo_Palangre calandrio; ; ;2642;3100; ; ; ; ; ; ;30500;39500; ; ;1;2
Belén (San Marcos)_Palangre calandrio; ; ; ; ; ; ; ; ; ; ; ; ; ; ;1;1
San Antonio de Padua_Línea de mano fija continental;6667;6667;2400;2400; ; ; ; ; ; ; ; ; ; ;1;1
Villanueva_Red de enmalle de deriva continental; ; ; ; ; ; ; ; ; ; ; ; ; ; ;1;1
Mulatos_Palangre o espinel de superficie; ; ; ; ; ; ; ; ; ; ; ; ; ; ;2;2
Macurutú - Saloa_Palangre calandrio; ; ; ; ; ; ; ; ; ; ; ; ; ; ;1;1
Puerto del Pescado (San José Del Guaviare)_Redes de trasmallo; ; ;13333;13433; ; ; ; ; ; ; ; ; ; ;2;2
Puerto Miraflores_Palangre o espinel de fondo;4453;5878;7830;16625; ; ; ; ;1781;2351; ; ; ; ;2;3
Puerto Arriba (Dibulla)_Chinchorro camaronero; ; ; ; ; ; ; ; ; ; ; ; ; ; ;5;5
Buenavista (La Dorada)_Red de enmalle fija continental; ; ;2721;2721; ; ; ; ; ; ; ; ; ; ;1;1
Santuario_Red de enmalle fija continental;5050;5950;4752;4794; ; ; ; ; ; ; ; ; ; ;2;2
San José_Red de encierro rastra; ; ;4382;6655; ; ; ; ;511;965; ; ; ; ;3;5
Puerto Cabuyaro_Red de enmalle fija continental;1564;2451;1026;1489; ; ; ; ;364;364; ; ; ; ;1;2
Mapiripán_Red de enmalle fija continental;1590;1590;1510;1510; ; ; ; ; ; ; ; ; ; ;2;2
Nueva Colonia_Palangre o espinel de superficie;2267;2267;3627;3627; ; ; ; ;907;907; ; ; ; ;2;2
Guineal_Red de enmalle de deriva marina;2500;2500; ; ; ; ; ; ; ; ; ; ;6000;6000;2;2
Palomar_Red de enmalle de deriva continental; ; ;1887;1887; ; ; ; ; ; ; ; ; ; ;1;1
Barrio Chino_Red de enmalle de deriva continental; ; ; ; ; ; ; ; ; ; ; ; ; ; ;1;1
Puerto Amor_Atarraya; ; ; ; ; ; ; ; ; ; ; ; ; ; ;2;2
Bazurto_Atarraya;3333;3333; ; ; ; ; ; ;467;467; ; ; ; ;2;2
Ica-Copipa_Línea de mano correteo curricán o trolling; ; ;4429;4429; ; ; ; ; ; ; ; ; ; ;2;2
Bazán La Bocana_Red de enmalle de deriva marina;2000;2000;6491;6491; ; ; ; ;1212;1212; ; ; ; ;3;3
Playa Nueva_Red de enmalle camaronera;2143;2143;6667;6667; ; ; ; ; ; ; ; ; ; ;2;2
Puerto Serviez_Chinchorro continental;705;705;3950;3950; ; ; ; ; ; ; ; ; ; ;4;4
