SITIO_DE_DESEMBARCO_METODO_DE_PESCA;Cuartil_inf_ALIMENTACIONXCOMIDA_hist;Cuartil_sup_ALIMENTACIONXCOMIDA_hist;Cuartil_inf_COMBUSTIBLE_X_HORA_hist;Cuartil_sup_COMBUSTIBLE_X_HORA_hist;Cuartil_inf_ALQUILER_DE_ARTES_hist;Cuartil_sup_ALQUILER_DE_ARTES_hist;Cuartil_inf_ALQUILER_DE_EMBARCACION_hist;Cuartil_sup_ALQUILER_DE_EMBARCACION_hist;Cuartil_inf_HIELO_X_HORA_hist;Cuartil_sup_HIELO_X_HORA_hist;Cuartil_inf_CARNADA_hist;Cuartil_sup_CARNADA_hist;Cuartil_inf_OTRO_hist;Cuartil_sup_OTRO_hist
Guazo_Red de enmalle fija continental; ; ;279;453; ; ; ; ; ; ; ; ; ; 
Ciénaga de Mesolandia_Red de enmalle fija continental;1557;2687;332;468;7000;7000;7000;7000;93;149; ; ; ; 
Tapegua_Red de enmalle fija continental;2628;3475; ; ; ; ; ; ;300;436; ; ; ; 
Guazo_Red de enmalle de deriva continental; ; ;1412;2999; ; ; ; ; ; ; ; ; ; 
Maracayo_Red de enmalle fija continental;250;544;149;203; ; ; ; ;33;68; ; ; ; 
Guazo_Palangre calandrio; ; ;288;480; ; ; ; ;239;239; ; ; ; 
El Porvenir_Línea de mano fija marina;934;6609;889;3155; ; ; ; ;146;671;5000;30000;5000;10000
Carrizal_Red de enmalle fija marina; ; ;3221;14014; ; ; ; ; ; ; ; ; ; 
Ciénaga de Mesolandia_Atarraya;1861;4000; ; ; ; ; ; ;124;259; ; ; ; 
Guazo_Chinchorro continental; ; ;1159;3039; ; ; ; ; ; ; ; ; ; 
Bahía de Cispatá_Palangre o espinel de fondo;2008;3234;409;1843; ; ; ; ;364;486;3000;4000;2000;4000
Bahía de Cispatá_Red de enmalle de encierro marina;911;3617;817;6111; ; ; ; ;210;456; ; ;4000;6000
Agropez_Atarraya;4762;6250;2439;3636; ; ; ; ;952;1250; ; ; ; 
Bahía de Cispatá_Línea de mano fija marina;1500;3101;521;3204; ; ; ; ;95;400;3000;14000;2000;4000
Bahía de Cispatá_Atarraya;1133;3385;1242;1242; ; ; ; ;155;387; ; ;2000;4000
Palenquito_Red de enmalle fija continental;959;1523; ; ; ; ; ; ;115;253; ; ; ; 
Docordó_Red de enmalle de deriva marina;3201;8042;4792;13847; ; ; ; ;437;893; ; ; ; 
Puerto de Gamarra_Chinchorro continental;1225;1225;2941;2941; ; ; ; ;588;588; ; ; ; 
Pueblo Nuevo (Barrancominas)_Red de enmalle fija continental;1722;6000; ; ; ; ; ; ; ; ; ; ; ; 
Santropel - San Sebastián_Red de enmalle fija continental;1306;2808;245;569; ; ; ; ;111;313; ; ; ; 
La Peinada_Red de enmalle fija continental;1086;1675; ; ; ; ; ; ;87;104; ; ;2000;3000
Pueblo Nuevo (Barrancominas)_Línea de mano fija continental;2519;6000; ; ; ; ; ; ; ; ; ; ; ; 
La Peinada_Atarraya;2639;5000; ; ; ; ; ; ;132;348; ; ;2000;2000
Bahía de Cispatá_Red de enmalle fija marina;833;1980;203;1030; ; ; ; ;123;382; ; ;2000;6000
Santa Clara_Red de enmalle fija continental; ; ; ; ; ; ; ; ;115;181; ; ; ; 
Puerto Asure_Red de enmalle fija continental;1727;3313;249;379; ; ; ; ;87;228; ; ;2000;2000
Bahía de Cispatá_Chinchorro marino;417;2273;1667;6939; ; ; ; ;154;513; ; ;6000;20000
Nueva Ola_Red de enmalle de deriva continental; ; ;677;2113; ; ; ; ;249;440; ; ; ; 
Puerto del Pescado (San José Del Guaviare)_Red de enmalle de deriva continental;2000;2000;5121;16000; ; ; ; ; ; ; ; ;5000;5000
Taganga_Línea de mano fija marina;3029;7895;3231;7434; ; ; ; ;161;213; ; ;6000;6000
Isla Fuerte_Línea de mano correteo curricán o trolling;2152;5673;3605;18426; ; ; ; ;569;1114;8000;8000;3000;9000
Nueva Ola_Línea de mano fija continental; ; ;278;688; ; ; ; ; ; ; ; ; ; 
Taganga_Red de enmalle fija marina;2957;4397;1250;7396; ; ; ; ;242;428; ; ;6000;6000
Puerto Asure_Palangre calandrio;1704;2625;277;353; ; ; ; ;83;188; ; ; ; 
Puerto Asure_Chinchorra;1689;3896;429;429; ; ; ; ;163;365; ; ; ; 
Damaquiel_Red de enmalle fija marina;634;3029;2650;14935; ; ; ; ;240;1573; ; ;8700;25300
Jodedor_Red de enmalle fija marina; ; ;2898;14098; ; ; ; ; ; ; ; ; ; 
Jodedor_Red de enmalle de deriva marina;1197;1923;4395;9196; ; ; ; ; ; ; ; ; ; 
Taganga_Chinchorro velao;1244;2298;3244;7506; ; ; ; ;411;411; ; ;6000;6000
Puerto Serviez_Atarraya;1303;7789;1363;5993;20000;20000;20000;20000;174;695;11000;20000; ; 
Betania (Montecristo)_Red de enmalle fija continental; ; ;1049;1141; ; ; ; ; ; ; ; ; ; 
Puerto La Candelaria_Red de enmalle fija continental;1129;2647;424;990;7000;7000;7000;7000;140;333; ; ;2000;4375
Playa Necoclí_Red de enmalle camaronera;5405;5405;3650;7006; ; ; ; ;1622;1622; ; ;15000;15000
El Puente_Atarraya;4308;4670; ; ; ; ; ; ; ; ; ; ;2000;3000
Puerto Serviez_Palangre calandrio;1213;5979;700;2693; ; ; ; ;62;852;10000;20000; ; 
Playa Blanca (Ayapel)_Red de enmalle fija continental; ; ;585;866; ; ; ; ; ; ; ; ;2000;4000
Belén (El Banco)_Red de enmalle fija continental ciénaga;1053;2500;1053;2500;10500;46500;10500;46500;263;625; ; ; ; 
Morrosquillo_Línea de mano fija marina;1848;4999;530;8971; ; ; ; ;160;617;3000;25000;10000;10000
Nueva Ola_Chinchorro continental; ; ;950;2901; ; ; ; ;223;1153; ; ; ; 
Jodedor_Red de enmalle de encierro marina;3038;5000;10114;18000; ; ; ; ; ; ; ; ; ; 
Santropel - San Sebastián_Atarraya;595;1646; ; ; ; ; ; ;99;264; ; ; ; 
Puerto Serviez_Red de enmalle de deriva continental;838;4917;971;5271; ; ; ; ;174;595; ; ; ; 
Morrosquillo_Atarraya;2000;3006; ; ; ; ; ; ;156;344;4000;4000; ; 
Palomino_Red de enmalle fija continental;1046;1639; ; ; ; ; ; ;186;286; ; ; ; 
El Puente_Red de enmalle de deriva continental;2674;6000;1602;2935; ; ; ; ;250;380; ; ;2000;2000
Puerto Serviez_Red de enmalle fija continental;1513;6305;737;3286; ; ; ; ;113;657; ; ; ; 
Morrosquillo_Línea de mano correteo curricán o trolling;1500;3508;1580;3392; ; ; ; ;159;466;3000;8000; ; 
Jodedor_Línea de mano fija marina;1151;2675;4674;9946; ; ; ; ;323;702;10000;20000; ; 
Taganga_Buceo de peces;2781;3782;6704;9078; ; ; ; ;304;389; ; ;6000;6000
Belén (El Banco)_Chinchorro continental;1111;1481;1667;2222;3300;50500;3300;50500;417;556; ; ; ; 
Los Tendales_Red de enmalle fija continental;1321;1756;223;695; ; ; ; ; ; ; ; ; ; 
El Puente_Atarraya rastra;3949;6364; ; ; ; ; ; ; ; ; ; ; ; 
Puerto Ciénaga de Paredes_Red de enmalle fija continental; ; ;519;724; ; ; ; ;136;230; ; ; ; 
Pueblo Lindo o Caimanera_Red de enmalle fija continental; ; ; ; ; ; ; ; ; ; ; ; ; ; 
Cispataca_Red de enmalle fija continental; ; ; ; ; ; ; ; ; ; ; ; ; ; 
El Puente_Red de encierro rastra;2171;5420;1753;4161; ; ; ; ;273;476; ; ; ; 
Villa Venecia_Red de enmalle de encierro continental;2096;4000;912;912; ; ; ; ;362;568; ; ;1500;1875
Villa Venecia_Red de enmalle fija continental;682;1610;224;368; ; ; ; ;101;143; ; ;1200;2000
Puerto La Candelaria_Chinchorro continental;1059;2390;1253;6362; ; ; ; ;282;895; ; ;2300;4700
Puerto Antequera_Red de enmalle fija continental ciénaga; ; ; ; ; ; ; ; ; ; ; ; ; ; 
El Puente_Red de enmalle fija continental; ; ;496;704; ; ; ; ;110;178; ; ;2000;2000
Puerto Serviez_Chinchorra;797;5301;2020;5263;20500;25000;20500;25000;231;882; ; ; ; 
La Mata_Chinchorra;1203;1809;1193;1406; ; ; ; ;107;333; ; ;2000;4000
Cabo Marzo_Palangre o espinel de fondo;3789;6751;4374;9089; ; ; ; ;599;1254; ; ;272000;1800000
Guineal_Red de enmalle fija marina;1214;7910;1598;9863;11000;29000;11000;29000;126;1085; ; ;3000;8000
Puerto Simití_Red de enmalle fija continental;802;1644;450;1263; ; ; ; ;160;326; ; ; ; 
Sivirú_Red de enmalle fija marina;3223;7196;2970;12805; ; ; ; ; ; ; ; ; ; 
La Playa (El Banco)_Red de enmalle de deriva continental;2251;3215;1526;2084;6000;42200;6000;42200;154;216; ; ;2000;3000
La Mata_Nasas de Peces;1145;1488;2749;2976; ; ; ; ;45;71;31000;99000;2000;2000
Desembarcadero (Murindó)_Red de enmalle fija continental;3000;6000;3905;5709; ; ; ; ; ; ; ; ; ; 
Rincón_Atarraya;2819;6000; ; ; ; ; ; ;312;565; ; ;1220;1760
Puerto Simití_Atarraya;1167;2100; ; ; ; ; ; ; ; ; ; ; ; 
Macurutú - Saloa_Atarraya;2348;3559;849;1376; ; ; ; ;97;203; ; ; ; 
Nueva Estrella_Red de enmalle fija continental; ; ; ; ; ; ; ; ; ; ; ; ; ; 
Guineal_Palangre o espinel de fondo;1222;8908;1960;12845;20500;29500;20500;29500;263;896; ; ;3000;10000
Rincón_Red de enmalle fija continental;855;1956;267;397; ; ; ; ;77;146; ; ;1200;1800
Chapinero_Atarraya;1852;4000; ; ;10000;10000;10000;10000;136;347;8000;20000;20000;35000
Las Tenazas_Línea de mano fija marina;2120;5000;1918;3164; ; ; ; ;457;1041;5000;5000; ; 
La Playa (El Banco)_Chinchorra;2105;2368;1568;1875;11530;45130;11530;45130;140;158; ; ;2000;3000
Bahía de Santa Marta_Línea de mano fija marina;843;2054;947;5639; ; ; ; ;136;526; ; ; ; 
Rincón_Red de enmalle de encierro continental;2562;4000; ; ; ; ; ; ;303;533; ; ;1230;1600
Guineal_Red de enmalle de encierro marina;1368;10000;1216;9457;16250;38750;16250;38750;221;1240; ; ;4000;12000
Muelle Las Flores_Red de enmalle de deriva marina;2911;14401;6832;20408; ; ; ; ;1045;2685; ; ; ; 
Puerto Triunfo_Palangre calandrio;469;2701;857;1230; ; ; ; ;207;287; ; ; ; 
Muelle Las Flores_Palangre o espinel de fondo;2643;10331;5331;13609; ; ; ; ;779;1680;15000;80000; ; 
La Isla de los Palacios_Red de enmalle fija continental; ; ;518;567; ; ; ; ; ; ; ; ; ; 
Bocas del Atrato_Red de enmalle fija marina; ; ;778;1027; ; ; ; ; ; ; ; ; ; 
Puerto Montecristo_Atarraya;2426;4486; ; ; ; ; ; ;159;355; ; ; ; 
Puerto Triunfo_Atarraya;1330;3000;1464;4506; ; ; ; ; ; ; ; ; ; 
Barrio Arriba - Barbosa (Magangué)_Red de enmalle de deriva continental; ; ; ; ; ; ; ; ;69;85; ; ;1000;2000
Mercado (Lorica)_Atarraya;1155;5337; ; ; ; ; ; ;171;621;10000;25000; ; 
Barrio Santa Lucía_Red de enmalle fija marina; ; ;1929;5341; ; ; ; ;120;264; ; ; ; 
Puerto Amor_Red de enmalle fija continental;1731;4538;463;964;4000;4000;4000;4000;52;239; ; ; ; 
Barrio Arriba - Barbosa (Magangué)_Red de enmalle fija continental; ; ; ; ; ; ; ; ; ; ; ; ;1000;2000
Arquimedes_Atarraya;2450;3634;1374;3158; ; ; ; ; ; ; ; ; ; 
Puerto Amor_Chinchorra;1514;8500;675;3322;15000;25000;15000;25000;194;819; ; ; ; 
Arquimedes_Línea de mano fija marina;3092;4762;641;1954; ; ; ; ; ; ; ; ; ; 
Plaza de mercado (La Dorada)_Atarraya;3958;8062;1542;3575; ; ; ; ; ; ; ; ; ; 
Puerto Colorado_Línea de mano fija continental; ; ;667;1121; ; ; ; ; ; ; ; ; ; 
Plaza de mercado (La Dorada)_Palangre calandrio;4167;5000;833;1250; ; ; ; ; ; ;5000;10000; ; 
San José_Chinchorra;2287;4209;3103;6111; ; ; ; ;550;1396; ; ;2000;2000
Puerto Colorado_Chinchorro continental; ; ;1945;3340; ; ; ; ; ; ; ; ; ; 
La Mata_Red de enmalle fija continental;1078;1475;900;1194; ; ; ; ;42;70; ; ;1000;2120
Pomeño_Red de enmalle de deriva marina;1123;4159;3767;14703; ; ; ; ;369;1553; ; ; ; 
Plaza de mercado (La Dorada)_Chinchorra;1562;4571;1667;4271; ; ; ; ;1000;1000; ; ; ; 
Puerto Amor_Palangre calandrio;1587;3797; ; ; ; ; ; ;75;166; ; ; ; 
Doña Ana_Red de enmalle fija continental;2941;2941;262;476; ; ; ; ;53;112; ; ; ; 
Mercado (Lorica)_Red de enmalle fija continental;1296;3023;231;1584; ; ; ; ;56;232; ; ; ; 
El Malecón (Neiva)_Atarraya;1290;4091;564;1734; ; ; ; ;59;354; ; ;30000;45000
Tasajera La Playa_Red de enmalle fija marina;2374;2874;1718;9857; ; ; ; ;263;1087; ; ; ; 
Puerto Real - Saloa_Red de enmalle fija continental;1210;2472;737;2857; ; ; ; ;155;331; ; ;1000;2000
Bocas del Atrato_Palangre o espinel de superficie; ; ; ; ; ; ; ; ; ; ;10500;13500; ; 
La Boquilla_Atarraya;2000;3000; ; ; ; ; ; ;186;406; ; ;3000;6000
El Ferry_Red de enmalle de deriva continental;2127;3900;1077;3889; ; ; ; ;117;333; ; ;1900;3000
La Boquilla_Red de enmalle fija marina;922;1685;758;3590; ; ; ; ;165;353; ; ; ; 
Puerto Real - Saloa_Chinchorra;1116;2941;952;2362; ; ; ; ;280;508; ; ;3000;10000
Aparca_Atarraya;2959;6188;1677;5098;15250;19750;15250;19750;310;690; ; ;20000;35000
Muelle La Samaritana_Palangre o espinel de fondo;2801;10016;5696;17021; ; ; ; ;715;2593;13500;90000; ; 
Tasajera La Playa_Palangre o espinel de fondo;1252;3134;2192;15744; ; ; ; ;505;505;15000;40000; ; 
Tasajera La Playa_Red de enmalle de encierro marina;2979;5195;11928;22246; ; ; ; ;1361;1361; ; ; ; 
Puerto del Cerrito_Red de enmalle fija continental ciénaga;1691;4381;504;1087; ; ; ; ;69;170; ; ;1000;3000
Aparca_Red de enmalle fija continental;2607;5501;3035;7378; ; ; ; ;416;1272; ; ;20000;43750
Locadía_Línea de mano fija marina;3174;5455;1089;1873; ; ; ; ;132;487;25000;25000; ; 
Sicará_Red de enmalle fija continental;2315;3529; ; ; ; ; ; ;113;308; ; ;2000;3000
Clarinetero_Atarraya;5518;12000;1510;2665; ; ; ; ;1247;3233; ; ;5200;16800
Puerto Bogotá_Cóngolo; ; ; ; ; ; ; ; ; ; ; ; ; ; 
Aparca_Arpón;1923;4592;2425;4776; ; ; ; ;375;838; ; ;20000;33500
Puerto Bogotá_Atarraya; ; ; ; ; ; ; ; ; ; ; ; ; ; 
Barrio La Unión_Atarraya;851;2681;376;2109; ; ; ; ;106;277; ; ; ; 
Puerto Rico [Meta]_Palangre calandrio;2228;3743;3000;4507; ; ; ; ;245;435; ; ;8900;31450
Marralú_Chinchorro continental;794;3000;1240;3814; ; ; ; ;263;765; ; ; ; 
Casco urbano Roma_Red de enmalle zangarreo; ; ; ; ; ; ; ; ; ; ; ; ; ; 
Virudó_Red de enmalle de deriva marina;3384;12571;4000;9250; ; ; ; ; ; ; ; ; ; 
Puerto Franco_Atarraya; ; ; ; ; ; ; ; ;73;144; ; ; ; 
El Muelle (Barrancabermeja)_Chinchorra;1753;4555;2687;10448; ; ; ; ;378;2625; ; ; ; 
Yaguará_Atarraya;2061;5185;784;3750; ; ; ; ;135;777; ; ; ; 
Puerto Franco_Red de enmalle fija continental; ; ;316;586; ; ; ; ;44;103; ; ; ; 
El Pájaro_Red de enmalle de deriva marina; ; ;1695;5923; ; ; ; ;522;522; ; ; ; 
Barrio La Unión_Red de enmalle fija marina;1272;5000;954;4684; ; ; ; ;166;551; ; ; ; 
Yaguará_Red de enmalle fija continental;1989;7323;292;1411; ; ; ; ;133;407; ; ; ; 
Virudó_Atarraya; ; ;3436;9704; ; ; ; ; ; ; ; ; ; 
Yaguará_Chinchorra;1914;3490;380;1010; ; ; ; ;151;358; ; ; ; 
Bocas de Seheve_Red de enmalle fija continental; ; ;485;884; ; ; ; ; ; ; ; ; ; 
El Ferry_Chinchorra;1376;3500;952;2763; ; ; ; ;133;353; ; ;2000;4000
Playa Pescadores - Capurganá_Línea de mano fija marina;1835;3000;2225;17302; ; ; ; ;505;974;1000;20000;5000;10000
Tajamar Occidental_Línea de mano cometa;2593;3500; ; ; ; ; ; ;960;1530; ; ; ; 
Puerto Bello_Red de enmalle fija continental;1005;1963;583;1046; ; ; ; ;113;188; ; ;2000;3000
Dorada_Atarraya; ; ; ; ; ; ; ; ;171;279; ; ; ; 
Marralú_Palangre calandrio;1379;1379;204;649; ; ; ; ;111;137; ; ; ; 
Dorada_Red de enmalle de encierro continental; ; ; ; ; ; ; ; ; ; ; ; ; ; 
Policía fluvial (Quibdó)_Línea de mano fija continental;1123;5000;686;6534; ; ; ; ; ; ;5000;15000; ; 
Dorada_Red de enmalle fija continental; ; ; ; ; ; ; ; ; ; ; ; ; ; 
Marralú_Atarraya;1667;4000;707;1262; ; ; ; ;238;768; ; ; ; 
Policía fluvial (Quibdó)_Red de enmalle fija continental;951;2512;644;2423; ; ; ; ; ; ;6350;30650; ; 
Guineal_Línea de mano fija marina;5207;12000;4825;11636; ; ; ; ; ; ; ; ;2100;6000
Tajamar Occidental_Red de enmalle de deriva marina;2258;3528;6079;9119; ; ; ; ;1662;2442; ; ; ; 
Puerto Bello_Chinchorro continental;1219;1943;951;1200; ; ; ; ;183;325; ; ;3000;5000
El Ferry_Red de enmalle fija continental río;1102;2947;333;1859; ; ; ; ;94;309; ; ;1100;3000
Concepción - Tacamocho_Chinchorra;510;1711; ; ; ; ; ; ;200;661; ; ;2000;6000
Montaño_Red de enmalle fija continental; ; ;723;1678; ; ; ; ; ; ; ; ; ; 
Barrio La Unión_Palangre o espinel de fondo;1332;4039;1099;4004; ; ; ; ;220;389;10000;10000; ; 
Puerto Wilches_Chinchorra;1342;2128;2038;2842; ; ; ; ;523;717; ; ; ; 
Doña Ana_Palangre calandrio;2142;3329;177;616; ; ; ; ;52;154; ; ; ; 
El Pájaro_Red de enmalle fija marina;596;975;1818;6588; ; ; ; ;346;390; ; ; ; 
Puerto Wilches_Línea de mano fija continental;1325;1845;2012;2596; ; ; ; ;329;603;30000;44400; ; 
Puerto Boca_Chinchorro continental;2308;3657; ; ; ; ; ; ;294;454; ; ;5000;15000
Puerto del Cerrito_Chinchorro continental;974;3584;590;1488;11695;109125;11695;109125;109;538; ; ;1000;5000
Puerto Wilches_Chinchorra mallona;1308;1973;2017;2595; ; ; ; ;347;659; ; ; ; 
Barrio Pambelé_Red de enmalle fija marina;1148;3859;1833;14040; ; ; ; ;423;877; ; ;2000;5000
Arroyito_Línea de mano fija marina;1124;3186;687;4406; ; ; ; ;138;425;3000;10000; ; 
Bahía de Santa Marta_Línea de mano correteo curricán o trolling; ; ;3680;16318; ; ; ; ; ; ; ; ; ; 
Arroyito_Atarraya;1000;3000;733;1474; ; ; ; ;206;391; ; ; ; 
Barrio La Unión_Línea de mano correteo curricán o trolling;1880;4127;4833;10169; ; ; ; ;318;632; ; ; ; 
Puerto Barrio El Progreso_Red de enmalle fija continental;2072;4109;1028;1333; ; ; ; ;215;400; ; ;4000;6000
Purricha_Palangre o espinel de fondo;470;2774;1132;4688; ; ; ; ;261;524; ; ; ; 
Mulatos_Red de enmalle fija marina;2116;4496;1833;8509; ; ; ; ;759;1735; ; ; ; 
Doña Ana_Chinchorro continental;4000;5000;2222;4613; ; ; ; ;556;1120; ; ; ; 
Popoya Playa_Red de enmalle fija marina; ; ;2150;3158; ; ; ; ; ; ; ; ; ; 
Arroyito_Palangre o espinel de fondo;874;1500;790;1242; ; ; ; ;158;248; ; ; ; 
Puerto Maco/Puerto Momico_Palangre calandrio;3394;4506;536;595; ; ; ; ;268;298;4000;4000;4000;4000
Loma - San Sebastián_Red de enmalle fija continental;1343;2813;170;650; ; ; ; ;86;443; ; ; ; 
Las Brisas_Red de enmalle fija continental;1765;2162;287;452; ; ; ; ;138;185; ; ; ; 
Bahía de Santa Marta_Red de enmalle fija marina; ; ;637;998; ; ; ; ; ; ; ; ; ; 
Campo alegre_Red de enmalle fija continental;988;1987;387;1172;3000;3000;3000;3000;94;267; ; ; ; 
San Antonio de Padua_Red de enmalle de deriva continental;1658;5745;1588;8175; ; ; ; ; ; ; ; ; ; 
Loma - San Sebastián_Red de enmalle de encierro continental;1822;3436;357;785; ; ; ; ;329;1102; ; ; ; 
Puerto Maco/Puerto Momico_Red de enmalle fija continental;5318;7126;857;1022; ; ; ; ;429;510; ; ; ; 
Pizarro_Red de enmalle de deriva marina;1706;5352;1147;7130; ; ; ; ;570;2278; ; ;1,00E+05;136000
Las Brisas_Palangre calandrio;2008;2182; ; ; ; ; ; ; ; ; ; ; ; 
Pizarro_Red de enmalle fija marina;1591;3430;1234;3630; ; ; ; ;385;1957; ; ;1,00E+05;1,00E+05
Cecilia_Red de enmalle fija continental;1376;2014;330;470; ; ; ; ; ; ; ; ; ; 
Chacón_Red de enmalle fija marina;5648;15973;6098;12832; ; ; ; ;1138;5568; ; ; ; 
Candelaria (Achí)_Red de enmalle fija continental; ; ; ; ; ; ; ; ; ; ; ; ; ; 
Puerto Maco/Puerto Momico_Atarraya;3272;3939;1086;1224; ; ; ; ;595;673; ; ;12000;12000
Mayapo_Buceo de langosta;1481;3000;2151;3825; ; ; ; ; ; ; ; ; ; 
Cecilia_Palangre calandrio;1377;1984; ; ; ; ; ; ; ; ; ; ; ; 
Casino_Palangre o espinel de fondo;1108;3310;1018;3299; ; ; ; ;117;639;10000;1,00E+05;10500;19500
Guacamayo_Red de enmalle fija continental; ; ;639;685; ; ; ; ;231;346; ; ; ; 
Mayapo_Línea de mano fija marina;1213;2264;1688;3165; ; ; ; ; ; ;6000;12550; ; 
San José_Atarraya; ; ; ; ; ; ; ; ;458;593; ; ;2000;2000
Guacamayo_Chinchorro continental;2500;7308;1698;5600; ; ; ; ;408;2085; ; ; ; 
San José_Nasas de Peces; ; ;1152;2510; ; ; ; ; ; ;22000;45000; ; 
San José_Red de enmalle fija continental; ; ;722;722; ; ; ; ;68;113; ; ; ; 
Caño Grande_Atarraya;1227;4550; ; ; ; ; ; ;300;667; ; ; ; 
Guacamayo_Cóngolo; ; ;1596;2936; ; ; ; ; ; ; ; ; ; 
Caño Grande_Red de enmalle fija continental;2368;2368; ; ; ; ; ; ;158;158; ; ; ; 
Palomar_Red de enmalle fija continental; ; ;225;515; ; ; ; ; ; ; ; ; ; 
Bazurto_Red de enmalle fija marina;2419;4077;2456;7316; ; ; ; ;415;847; ; ; ; 
Poportín_Red de enmalle fija marina;1006;1108;1633;2613; ; ; ; ;241;266; ; ; ; 
Casco Urbano (San Juan de Urabá)_Red de enmalle fija marina;847;2694;2500;8311; ; ; ; ;196;802; ; ; ; 
Poportín_Buceo marino mixto;567;1000;3527;4706; ; ; ; ; ; ; ; ; ; 
Palomar_Palangre calandrio; ; ;367;609; ; ; ; ; ; ; ; ; ; 
Poportín_Nasas de Peces;19;145;104;382; ; ; ; ; ; ; ; ; ; 
Cabo de la Vela_Red de enmalle langostera;1667;1667;549;1456; ; ; ; ; ; ; ; ; ; 
Cabo de la Vela_Línea de mano fija marina; ; ; ; ; ; ; ; ; ; ; ; ; ; 
Pomeño_Palangre o espinel de fondo; ; ;1500;2138; ; ; ; ; ; ;7550;8000; ; 
Villa Fátima_Red de enmalle de encierro marina; ; ;19300;27027; ; ; ; ; ; ; ; ; ; 
Palomar_Línea de mano fija continental; ; ;329;662; ; ; ; ; ; ; ; ; ; 
Palomar_Red de enmalle de deriva continental; ; ;994;3333; ; ; ; ; ; ; ; ; ; 
Puerto Boquillas_Red de enmalle fija continental;1186;2572; ; ; ; ; ; ;83;159; ; ;1000;2125
Puerto principal (San Vicente del Caguán)_Red de enmalle de deriva continental;6448;11000;6244;9583; ; ; ; ;887;1584; ; ; ; 
Primera Ensenada_Línea de mano fija marina;2374;4092;4802;7059; ; ; ; ;766;1170;20000;28000; ; 
Tagachí_Red de enmalle fija continental;316;2311;848;2085; ; ; ; ; ; ; ; ; ; 
Vida Tranquila_Red de enmalle fija continental;709;2514;887;2392; ; ; ; ;115;302; ; ;2000;5000
Vida Tranquila_Chinchorro continental;814;2036;1010;4571; ; ; ; ;139;643; ; ;2750;5000
Vida Tranquila_Palangre calandrio;780;2816;712;1864; ; ; ; ;108;282; ; ;2000;5000
Vida Tranquila_Red de enmalle de deriva continental;397;439;1532;6667; ; ; ; ;152;1117; ; ; ; 
Las Balsas_Chinchorro continental;3730;11966;2379;8082; ; ; ; ;475;1740; ; ;10000;20000
El Muelle (Puerto López)_Chinchorro continental;3745;11852;2239;8571; ; ; ; ;543;1588; ; ;10000;19000
Belén (San Marcos)_Red de enmalle fija continental;1695;2046; ; ; ; ; ; ;34;156; ; ; ; 
Puerto Arriba (Dibulla)_Red de enmalle fija marina;1044;2103;2253;6803; ; ; ; ;201;689; ; ; ; 
Sempegua_Red de enmalle fija continental;774;1851;438;1413; ; ; ; ;51;145; ; ;1200;5000
Sempegua_Chinchorra;1208;2970;962;2723;13950;15000;13950;15000;168;1076; ; ;2000;6000
El Valle_Palangre o espinel de fondo;2150;4092;4744;11213; ; ; ; ;885;1195;17000;35600; ; 
Belén (San Marcos)_Red de enmalle de deriva continental;3042;4334; ; ; ; ; ; ;178;312; ; ; ; 
El Valle_Línea de mano fija marina;2165;6077;4744;15408; ; ; ; ;879;2105;17000;19500; ; 
La Grande_Red de enmalle fija continental; ; ;1301;2182; ; ; ; ;1449;1449; ; ; ; 
Puente Chambacú - Río Jella_Línea de mano fija marina;3234;13649;3913;16811; ; ; ; ;584;1759; ; ;5000;15000
Purricha_Red de enmalle fija marina;458;3732;1236;9575; ; ; ; ;628;628; ; ; ; 
Puente Chambacú - Río Jella_Línea de mano correteo curricán o trolling;7061;17567;12149;43204; ; ; ; ;1236;3430; ; ;5000;11500
El Roto_Red de enmalle fija marina;3339;9573;1977;4426; ; ; ; ; ; ; ; ; ; 
Curillo_Línea de mano fija continental; ; ;1316;3910; ; ; ; ;1020;1185;12000;30000; ; 
La T_Red de enmalle de encierro marina; ; ;17271;29029; ; ; ; ; ; ; ; ; ; 
La Chamba_Atarraya;1500;5000;3230;6362; ; ; ; ;428;1172; ; ;2250;3375
Piedras Blancas_Buceo marino mixto; ; ;1914;3300; ; ; ; ; ; ; ; ; ; 
Piedras Blancas_Buceo de langosta; ; ;1887;3287; ; ; ; ; ; ; ; ; ; 
Berrugas_Red de enmalle de encierro marina;2000;3115;6329;17922; ; ; ; ;842;1270; ; ; ; 
Manaure Centro_Red de enmalle de encierro marina;1402;1913;16315;32343; ; ; ; ; ; ; ; ; ; 
San Luis_Red de enmalle fija continental; ; ; ; ; ; ; ; ; ; ; ; ; ; 
Macurutú - Saloa_Red de enmalle fija continental;1400;2547;430;1420;3000;3000;3000;3000;45;163; ; ;910;2890
La Tagua_Palangre calandrio; ; ;478;948; ; ; ; ; ; ;5000;5000;7550;8450
Berrugas_Línea de mano fija marina;1417;2824;4267;6735; ; ; ; ;134;357;2000;10000;1050;1950
Berrugas_Buceo de peces;1500;3000;2470;7517; ; ; ; ; ; ; ; ; ; 
Puerto de desembarco (Mitú)_Línea de mano fija continental;1525;4732;1283;2534; ; ; ; ; ; ; ; ;3750;8000
La Punta - Firme Cifuentes_Red de enmalle de deriva marina;3119;8333;4149;13333; ; ; ; ;983;3782; ; ; ; 
Punta Ardita_Línea de mano fija marina; ; ;2238;9206; ; ; ; ;1133;2837; ; ; ; 
Puente Chambacú - Río Jella_Palangre o espinel de fondo;2222;7259;2860;9445; ; ; ; ;447;1657; ; ;235000;1384500
La Punta_Buceo de caracol;2280;8125;682;2095; ; ; ; ;792;792; ; ; ; 
Berrugas_Chinchorro marino;1643;3000;4732;16756; ; ; ; ;457;1374; ; ; ; 
La Punta_Red de enmalle fija marina;2364;7736;701;2657; ; ; ; ;183;519; ; ; ; 
El Llanito_Atarraya;2106;5000;1354;10000; ; ; ; ;235;750;5000;6000; ; 
Playa Totumo_Red de enmalle camaronera;1699;8333;2500;5861; ; ; ; ;258;893; ; ; ; 
Domingodó_Red de enmalle fija continental;515;2194;1927;4294; ; ; ; ;870;1330; ; ; ; 
Zapata_Red de enmalle fija marina;1693;5013;746;5262; ; ; ; ;257;808; ; ;2600;9000
Rincón del Mar_Red de enmalle de encierro marina;1902;3000;3880;12013; ; ; ; ;238;424; ; ; ; 
Santa Rosa_Red de enmalle de deriva marina;1885;1885;2000;3578; ; ; ; ; ; ; ; ;3000;3000
Puerto Abajo (Dibulla)_Chinchorro camaronero;1111;1667;5889;20000; ; ; ; ; ; ; ; ; ; 
Puerto Abajo (Dibulla)_Red de enmalle fija marina;909;1761;3140;5733; ; ; ; ;256;335; ; ; ; 
Muelle La Samaritana_Red de enmalle de deriva marina;2431;12570;7542;19036; ; ; ; ;904;2337; ; ; ; 
Villanueva_Red de enmalle fija continental; ; ; ; ; ; ; ; ; ; ; ; ; ; 
Santa Rosa_Buceo marino mixto; ; ;2000;4840; ; ; ; ; ; ; ; ;3000;3000
Tapegua_Atarraya;1500;4167; ; ; ; ; ; ;182;485; ; ; ; 
Champaché_Línea de mano fija marina;1075;3384;620;2840; ; ; ; ;213;667;40000;1,00E+05; ; 
Rincón del Mar_Buceo marino mixto;1982;2885;3357;10933; ; ; ; ;216;327; ; ; ; 
Champaché_Atarraya;1475;3547;863;2606; ; ; ; ;319;687; ; ; ; 
Orpua_Red de enmalle fija marina;865;6615;1304;13042; ; ; ; ;677;3678; ; ; ; 
Casco Urbano (San Juan de Urabá)_Palangre o espinel de fondo;422;772;3843;4718; ; ; ; ;144;288; ; ; ; 
Codis_Línea de mano fija marina;1495;4664;1176;2713; ; ; ; ;297;568;14000;36000; ; 
Codis_Red de enmalle fija marina;1472;3319;660;2394; ; ; ; ;200;418; ; ; ; 
Puerto Pozuelo - La Rinconada_Red de enmalle fija continental;834;1469; ; ; ; ; ; ;80;174; ; ;1000;2000
Puerto Chaparro_Red de enmalle de deriva continental;1584;3664;1303;4857; ; ; ; ;263;1405; ; ; ; 
Puerto Los Córdobas_Red de enmalle fija marina;2411;5280;1165;5148; ; ; ; ;336;940; ; ; ; 
Puerto (Orocué)_Red de enmalle fija continental;592;1063;835;1947; ; ; ; ;254;413; ; ; ; 
Timbiquí_Red de enmalle fija marina;8137;16148;5758;8967; ; ; ; ;459;1186;8000;8000;3745;14755
Méjico_Red de enmalle fija continental; ; ;594;1255; ; ; ; ; ; ; ; ; ; 
La Charca de Guarinocito_Chinchorra;2730;11667;1832;7625; ; ; ; ; ; ; ; ; ; 
Ciénaga del Totumo_Atarraya;1546;2500;346;460; ; ; ; ; ; ; ; ; ; 
La Tranca_Red de enmalle fija continental; ; ; ; ; ; ; ; ;152;272; ; ; ; 
Manaure Abajo_Palangre o espinel de fondo;2460;3541;4585;7530; ; ; ; ;329;472;15000;15000; ; 
La Casa del Pescador_Red de enmalle de deriva marina;4133;9769;4749;12016; ; ; ; ;301;792; ; ; ; 
Méjico_Red de enmalle de deriva continental; ; ;2110;4729; ; ; ; ; ; ; ; ; ; 
Puerto Boca_Red de enmalle de deriva continental;1655;2538; ; ; ; ; ; ;138;361; ; ;5000;7700
Orejero_Red de enmalle fija continental; ; ;154;395; ; ; ; ; ; ; ; ; ; 
Berlín_Chinchorro continental; ; ;5183;8796; ; ; ; ; ; ; ; ; ; 
Manaure Abajo_Red de enmalle de encierro marina;1343;1866;15343;32484; ; ; ; ;545;545; ; ; ; 
Armenia_Red de enmalle fija continental;1132;1776;418;1817; ; ; ; ;161;286; ; ;2000;4000
La Rampa (Barrancabermeja)_Atarraya;1641;3913;3126;9167; ; ; ; ;2560;8170; ; ; ; 
Cangrejito_Red de enmalle fija marina;680;2104;1179;4757; ; ; ; ;167;566; ; ; ; 
La Rampa (Barrancabermeja)_Chinchorra;1715;7692;2802;9091; ; ; ; ;1775;8064; ; ;10000;45500
Las Flores_Red de enmalle de deriva marina;2057;3863;10120;16271; ; ; ; ;1089;1934; ; ; ; 
Buenavista (La Dorada)_Red de enmalle de deriva continental;1312;5607;1539;4891; ; ; ; ;156;456; ; ; ; 
Buenavista (La Dorada)_Atarraya;1057;5753;1559;4672; ; ; ; ;161;284; ; ; ; 
Santa Clara_Atarraya; ; ; ; ; ; ; ; ;348;650; ; ; ; 
Bocanegra_Chinchorro marino;3229;5000;1953;6000; ; ; ; ;173;344; ; ;3000;10000
Buenavista (La Dorada)_Palangre calandrio;1052;3295;1059;2184; ; ; ; ;25;148; ; ; ; 
Bocanegra_Red de enmalle de encierro marina;2632;4651; ; ; ; ; ; ;189;360; ; ;4000;6000
Puerto Boca_Atarraya;2446;4473; ; ; ; ; ; ;196;554; ; ; ; 
Bocanegra_Atarraya;3426;4372; ; ; ; ; ; ;127;250; ; ;4000;4000
Puerto Montecristo_Red de enmalle fija continental; ; ; ; ; ; ; ; ; ; ; ; ; ; 
Puerto Chaparro_Atarraya rastra;1517;2698;4699;7307; ; ; ; ;997;2600; ; ; ; 
Las Flores_Red de enmalle fija marina;2372;4470;5022;17452; ; ; ; ;934;1911; ; ; ; 
Las Flores_Línea de mano fija marina;2514;9333; ; ; ; ; ; ;175;511; ; ; ; 
Puerto Chaparro_Línea de mano fija continental;1850;3629;1177;5264; ; ; ; ;290;1133; ; ; ; 
Los Tendales_Atarraya; ; ; ; ; ; ; ; ; ; ; ; ; ; 
Barrio Chino_Línea de mano fija continental; ; ;402;475; ; ; ; ; ; ; ; ; ; 
Puerto Chaparro_Chinchorro continental;1426;2969;3175;6724; ; ; ; ;588;1734; ; ; ; 
Berlín_Línea de mano fija continental; ; ;680;1356; ; ; ; ; ; ; ; ; ; 
Puerto La Candelaria_Atarraya;1067;3602;613;3508; ; ; ; ;191;948; ; ;2000;5000
Ica-Copipa_Red de enmalle fija marina; ; ;1228;6305; ; ; ; ;553;1377; ; ; ; 
Barrio Abajo (Ciénaga)_Red de enmalle fija marina;635;992;1520;3890; ; ; ; ;112;157; ; ; ; 
Berlín_Palangre calandrio; ; ;1066;1316; ; ; ; ; ; ; ; ; ; 
Bocanegra_Red de enmalle fija marina;688;4239;772;3156; ; ; ; ;60;232; ; ;3000;5000
Barrio Chino_Red de enmalle de deriva continental; ; ;1111;2082; ; ; ; ; ; ; ; ; ; 
Bazán_Red de cerco artesanal o ruche;5946;12597;20438;44294; ; ; ; ;6810;9381; ; ; ; 
Bazán_Red de enmalle fija marina;5000;12500;5500;7222; ; ; ; ;1000;2000; ; ; ; 
Nueva Colonia_Red de enmalle de encierro marina;1755;2789;3160;4682; ; ; ; ;779;1038; ; ;6000;6000
Playa Totumo_Red de enmalle fija marina;1264;4718;837;5637; ; ; ; ;122;893; ; ; ; 
Barrio Chino_Red de enmalle fija continental; ; ;414;650; ; ; ; ;171;300; ; ; ; 
Barrio Abajo (Ciénaga)_Red de enmalle de encierro marina;2472;6000;13982;37679; ; ; ; ; ; ; ; ;20000;20000
Puerto Chaparro_Red de enmalle fija continental;1670;4201;519;3259; ; ; ; ;223;1020; ; ; ; 
Nueva Colonia_Red de enmalle fija marina;1660;2849;2948;4737; ; ; ; ;664;976; ; ; ; 
Cartagena del Chairá_Palangre calandrio;1620;4401;1300;3245; ; ; ; ;486;1051;10000;70000;40000;40000
Playa de Arusí_Palangre o espinel de fondo;789;3480;1602;4364; ; ; ; ; ; ; ; ;8050;29550
Malecón (Puerto Gaitán)_Palangre calandrio;1416;7904;897;3570; ; ; ; ;262;996; ; ; ; 
Puerto Chaparro_Atarraya;2464;5979;1538;4550; ; ; ; ;256;1505;7000;65000; ; 
Playa de Arusí_Línea de mano fija marina;2632;9000;2869;13111; ; ; ; ;496;496; ; ;6000;6000
Caño Lobo_Atarraya;3273;7716; ; ; ; ; ; ;120;320;3000;7000;4000;8000
Cupica_Línea de mano fija marina;2326;2963;2345;5037; ; ; ; ;667;820; ; ;5000;5000
Puerto de las Canoas (Puerto Berrío)_Atarraya;1100;3151;1552;7361; ; ; ; ;293;2341; ; ; ; 
Caño Lobo_Buceo de caracol;3356;5746; ; ; ; ; ; ;237;237; ; ;4000;4000
Caño Lobo_Recolección manual de ostra;4000;7000; ; ; ; ; ; ; ; ; ; ;4000;4000
Caño Lobo_Línea de mano fija marina;3421;5455; ; ; ; ; ; ;161;260;3000;3000;4000;4000
Puerto de las Canoas (Puerto Berrío)_Chinchorra;779;2608;1394;5649; ; ; ; ;424;1698; ; ; ; 
Caño Lobo_Nasa de jaibas;5000;8000; ; ; ; ; ; ;1199;1199;7000;10000;4000;4000
Honda_Atarraya;2708;7500;1208;2208; ; ; ; ;295;505;20500;45000;5000;12000
Puerto Panseguita_Palangre calandrio;1428;3750;443;695; ; ; ; ;63;189; ; ;1200;2000
La Punta - Firme Cifuentes_Palangre o espinel de fondo;5250;7464;5612;16650; ; ; ; ;2196;2196; ; ; ; 
Honda_Chinchorra;3348;6372;1352;2615; ; ; ; ;314;518;15500;38000;8200;15000
El Pedral_Red de enmalle de deriva continental;2381;5263;1000;2176; ; ; ; ;80;286; ; ;5000;5000
Lamas_Atarraya;1386;3834;735;735; ; ; ; ;130;469; ; ; ; 
Isla Fuerte_Línea de mano fija marina;1965;4916;4891;19875; ; ; ; ;627;1266;20000;20000;3050;10000
Puerto Panseguita_Red de enmalle fija continental;1950;4148;343;541; ; ; ; ;122;416; ; ;2000;2000
Casco urbano (Puerto Escondido)_Red de enmalle fija marina;1842;3768;667;3131; ; ; ; ;321;601; ; ; ; 
Puerto Panseguita_Red de enmalle de deriva continental;1316;2993;1684;2667; ; ; ; ;203;343; ; ;2000;2000
Zapata_Red de enmalle camaronera;2081;5314;2498;7207; ; ; ; ;244;984; ; ;25000;25000
Caño Lobo_Red de enmalle fija marina;2328;3455;345;680; ; ; ; ;99;157; ; ;4000;4000
Puerto Cabuyaro_Chinchorro continental;4668;9000;5282;9158; ; ; ; ;499;1288; ; ; ; 
Isla Fuerte_Buceo marino mixto;1822;4000;3861;10715; ; ; ; ; ; ; ; ;6000;6000
Jurubirá_Línea de mano fija marina;3010;14229;5197;27066; ; ; ; ; ; ; ; ; ; 
Puerto Cabuyaro_Red de enmalle de deriva continental;4482;7524;4199;5759; ; ; ; ;818;818; ; ; ; 
Muelle Principal (Puerto Leguízamo)_Palangre calandrio;1989;3888;1116;1534; ; ; ; ;780;857; ; ; ; 
Robles_Red de enmalle fija continental;1408;2647;317;679; ; ; ; ;136;288; ; ;1000;7590
Muelle Principal (Puerto Leguízamo)_Red de enmalle fija continental;1972;5989;1229;3316; ; ; ; ;699;1044; ; ; ; 
Puerto de desembarco (Barrancominas)_Línea de mano fija continental;1293;3267; ; ; ; ; ; ; ; ; ; ; ; 
Sempegua_Chinchorro continental;974;2088;1836;4453;15000;30000;15000;30000;404;1926; ; ;4000;12000
Robles_Red de enmalle de encierro continental;1321;3220; ; ; ; ; ; ;343;588; ; ; ; 
Bazán La Bocana_Red de enmalle fija marina;2155;2155;1556;8448; ; ; ; ;258;805; ; ; ; 
San Antonio de Padua_Red de enmalle fija continental;981;2710;434;2448; ; ; ; ; ; ; ; ;30250;34750
Costilla_Red de enmalle fija continental;2288;4159; ; ; ; ; ; ;69;182;15000;15000;2550;5450
Jurubirá_Palangre o espinel de fondo;1804;9458;4455;16207; ; ; ; ; ; ; ; ; ; 
Camarones_Nasas de Peces; ; ;215;863; ; ; ; ; ; ; ; ; ; 
Camarones_Red de enmalle de deriva marina; ; ;4035;9062; ; ; ; ; ; ; ; ; ; 
El Ferry_Red de enmalle fija continental ciénaga;1004;2000;370;1981; ; ; ; ;108;226; ; ;2000;3600
Sapzurro_Línea de mano fija marina;4373;7594;4288;17758; ; ; ; ;1050;1668; ; ; ; 
Lamas_Red de enmalle de encierro continental;1802;4204;459;667;5000;22500;5000;22500;207;694; ; ;1300;4400
Puerto Cabuyaro_Red de enmalle fija continental;1206;8353;880;4601; ; ; ; ;367;675; ; ; ; 
Puerto Cabuyaro_Palangre calandrio;2365;5637;1684;5595; ; ; ; ;212;556;5000;55000;12000;12000
Costilla_Nasas de Peces;2274;3859; ; ; ; ; ; ;66;160;8000;20000;3200;5000
Puerto de Gamarra_Chinchorra;881;1469;2036;2500; ; ; ; ;521;1394; ; ;2000;2000
Puerto Chucha_Red de enmalle fija marina;1052;3692;958;2642; ; ; ; ;111;345; ; ;4000;7000
Puerto de Gamarra_Atarraya;941;941;941;941; ; ; ; ;94;94; ; ; ; 
Puerto Chucha_Red de enmalle de deriva marina;2406;3301;4729;7232; ; ; ; ;199;338; ; ;5000;10000
El Pedral_Red de enmalle fija continental;2441;4114;333;370; ; ; ; ;91;91; ; ;2000;10000
Puerto Chucha_Red de enmalle de encierro marina;2518;5617;1033;8388; ; ; ; ;207;578; ; ;3800;8000
El Pedral_Atarraya;3098;5119;1279;1554; ; ; ; ;89;210; ; ;5000;5000
Las Delicias_Red de enmalle fija marina; ; ;852;2405; ; ; ; ;166;379; ; ;2000;8250
Puerto El Waffe marino_Red de enmalle fija marina;4187;4565;3734;4208; ; ; ; ;1423;1602; ; ; ; 
Desembarcadero (Supía)_Atarraya;1122;3067; ; ; ; ; ; ; ; ; ; ;3000;7100
Rincón del Mar_Línea de mano fija marina;1703;3000;1043;9982; ; ; ; ;147;565; ; ; ; 
Pomeño_Red de enmalle fija marina;850;1556;2036;6350; ; ; ; ;310;779; ; ; ; 
Puerto Principal (Puerto Lleras)_Línea de mano fija continental;4444;5110;2733;4508; ; ; ; ; ; ; ; ; ; 
Puerto Principal (Puerto Lleras)_Atarraya;8433;11267;6777;10125; ; ; ; ; ; ; ; ; ; 
Casco Urbano (Arauca)_Atarraya;815;6903;617;3333; ; ; ; ;254;1611; ; ;11600;35600
Belén (San Marcos)_Chinchorra;3404;4412; ; ; ; ; ; ;248;362; ; ; ; 
Milagros de la Mar_Red de enmalle de deriva marina;4117;15000;5000;12434; ; ; ; ;1079;3450; ; ; ; 
San José de la Calle_Red de enmalle fija continental; ; ;779;6148; ; ; ; ; ; ; ; ; ; 
Las Delicias_Red de enmalle de encierro marina; ; ;3039;26634; ; ; ; ; ; ; ; ;10000;17500
Las Delicias_Palangre o espinel de fondo;1042;2232;2455;3694; ; ; ; ;198;337;10000;20000;5000;9500
La Boquilla_Chinchorro marino;815;1507;6724;17300; ; ; ; ; ; ; ; ; ; 
El Llanito_Palangre calandrio;1333;2927;1184;3333; ; ; ; ;114;252;6000;8000; ; 
Mayapo_Red de enmalle langostera;955;1802;2818;4059; ; ; ; ; ; ; ; ; ; 
San Nicolás (Santa Cruz De Mompox)_Red de enmalle fija continental;2462;4728; ; ; ; ; ; ;82;331; ; ; ; 
La Gloria_Red de enmalle fija continental;1328;3193;482;1386; ; ; ; ;114;369; ; ;5000;26200
La Gloria_Chinchorra;2378;4625;1935;5221; ; ; ; ; ; ; ; ;2850;8300
San Nicolás (Santa Cruz De Mompox)_Palangre calandrio; ; ; ; ; ; ; ; ; ; ; ; ; ; 
Lomita Arena_Red de enmalle fija marina;795;852;1406;3112; ; ; ; ;494;836; ; ; ; 
La Raya_Red de enmalle de deriva continental; ; ; ; ; ; ; ; ; ; ; ; ; ; 
La Raya_Red de enmalle fija continental; ; ; ; ; ; ; ; ; ; ; ; ; ; 
Riosucio_Red de enmalle fija continental;1072;5325;1606;3472; ; ; ; ;522;876; ; ; ; 
Puerto principal (San Vicente del Caguán)_Atarraya;6833;11000;5911;9106; ; ; ; ;612;1581; ; ; ; 
Dotenedó_Red de enmalle fija marina; ; ;2744;18938; ; ; ; ; ; ; ; ; ; 
Dotenedó_Línea de mano fija marina; ; ;2618;7677; ; ; ; ; ; ; ; ; ; 
Puerto Abajo (Dibulla)_Nasas de Peces;70;191;236;719; ; ; ; ; ; ; ; ; ; 
Honda_Línea de mano fija continental;2905;6667;1542;2292; ; ; ; ; ; ;25000;55000;4800;12200
San Miguel (Puerto Gaitán)_Red de enmalle de deriva continental;1903;7469;1026;5308; ; ; ; ;174;626; ; ; ; 
Bocas de Seheve_Red de enmalle de encierro continental; ; ;594;5737; ; ; ; ; ; ; ; ; ; 
San Nicolás (Nechí)_Palangre calandrio;1720;2605;593;2882; ; ; ; ;128;678; ; ; ; 
San Miguel (Puerto Gaitán)_Palangre calandrio;2918;8802;1374;10029; ; ; ; ;115;540; ; ; ; 
San Nicolás (Nechí)_Red de enmalle de deriva continental;3686;11450;968;5000; ; ; ; ;201;921; ; ;10000;10000
San Nicolás (Nechí)_Línea de mano fija continental;2526;9045;734;3534; ; ; ; ;182;745; ; ; ; 
San Nicolás (Nechí)_Red de enmalle fija continental;2490;7788;348;2858; ; ; ; ;86;893; ; ; ; 
San Miguel (Puerto Gaitán)_Atarraya;3402;7692;2226;5252; ; ; ; ;248;423; ; ; ; 
San Nicolás (Nechí)_Atarraya;4839;10000;1383;4444; ; ; ; ;320;1080; ; ; ; 
Buchadó_Red de enmalle fija continental;1451;4021;804;2226; ; ; ; ; ; ; ; ; ; 
Virudó_Línea de mano fija marina; ; ;3375;9000; ; ; ; ; ; ; ; ; ; 
Bazurto_Línea de mano fija marina;2391;4281;1997;8000; ; ; ; ;334;1000;5000;14750; ; 
San Nicolás (Nechí)_Chinchorro continental;2476;6441;2147;8774; ; ; ; ;607;3786; ; ; ; 
Villanueva_Chinchorro continental; ; ; ; ; ; ; ; ;143;560; ; ; ; 
Virudó_Red de enmalle fija marina;1958;7208;2106;3820; ; ; ; ; ; ; ; ; ; 
Champaché_Red de enmalle fija marina;1029;3473;600;2031; ; ; ; ;207;658; ; ; ; 
Villa Venecia_Atarraya;2500;5000; ; ; ; ; ; ;310;612; ; ;1600;1600
Puerto Miraflores_Red de enmalle fija marina;1802;7454;3747;17301; ; ; ; ;711;3296; ; ; ; 
Chamuscado - Naya_Red de enmalle fija marina;1337;4551;2721;7361; ; ; ; ;382;1282; ; ; ; 
Chamuscado - Naya_Red de enmalle de deriva marina;1830;6620;3684;13111; ; ; ; ;879;2984; ; ; ; 
Río San Miguel_Red de enmalle de deriva continental;2400;8100;4333;15000; ; ; ; ; ; ; ; ; ; 
Palanca_Palangre calandrio; ; ;309;699; ; ; ; ;68;68; ; ; ; 
Uveros_Red de enmalle fija marina;1568;4785;2145;12070; ; ; ; ;173;1091; ; ; ; 
Palanca_Red de enmalle fija continental; ; ; ; ; ; ; ; ;40;67; ; ; ; 
Puerto Boyacá_Chinchorra;1269;1863;3723;6355; ; ; ; ; ; ; ; ; ; 
Puerto Boyacá_Atarraya;1300;1922;3180;5631; ; ; ; ; ; ; ; ; ; 
Usaragá_Red de enmalle de deriva marina;1000;8000;3379;15322; ; ; ; ;681;5957; ; ; ; 
Usaragá_Línea de mano fija marina;2000;6543;1949;8144; ; ; ; ;382;1992;3000;3000; ; 
Palanca_Red de enmalle de deriva continental; ; ;1679;3450; ; ; ; ; ; ; ; ; ; 
Palanca_Línea de mano fija continental; ; ; ; ; ; ; ; ; ; ; ; ; ; 
Río San Miguel_Red de enmalle fija continental;2281;4864;428;3500; ; ; ; ; ; ;6450;11700; ; 
Playa Nueva_Palangre o espinel de fondo;1460;4356;3064;6707; ; ; ; ;218;438; ; ; ; 
Playa Nueva_Red de enmalle de deriva marina;2215;7398;3866;10445; ; ; ; ;336;336; ; ; ; 
El Muelle (Barrancabermeja)_Atarraya;2115;5480;2779;10354; ; ; ; ;581;2836; ; ; ; 
Plaza de mercado (La Dorada)_Red de enmalle de deriva continental;3571;7143;1820;5143; ; ; ; ; ; ; ; ; ; 
Agropez_Red de enmalle fija marina;2857;5556;1800;3058; ; ; ; ;565;957; ; ; ; 
La Playa (El Banco)_Chinchorro continental;993;1704;2038;3875;14600;113550;14600;113550;404;796; ; ;5000;7000
Agropez_Línea de mano fija marina;2860;3332;1939;3262; ; ; ; ;571;666;25000;25000; ; 
Juanchaco_Línea de mano fija marina;4402;8465;5400;22704; ; ; ; ;249;915; ; ; ; 
Playa de Arusí_Línea de mano correteo curricán o trolling;2693;6415;2640;18191; ; ; ; ; ; ; ; ; ; 
Juanchaco_Red de enmalle de deriva marina;2595;5925;3059;8058; ; ; ; ;260;592; ; ; ; 
Puerto del Pescado (San José Del Guaviare)_Red de enmalle fija continental; ; ;1300;1688; ; ; ; ; ; ; ; ; ; 
Punta de blanco_Red de enmalle fija continental;1772;1772;283;492; ; ; ; ;54;121; ; ; ; 
Punta Bonita_Red de cerco;1811;7576;60000;140000; ; ; ; ;8745;20222; ; ;50000;550000
Mapiripán_Red de enmalle de deriva continental;2500;10532;3430;14760; ; ; ; ; ; ; ; ;35350;41650
Barrio La Unión_Aros;2268;5000;1244;3120; ; ; ; ;242;530;20000;25000; ; 
Punta Bonita_Palangre o espinel de fondo;2206;15000;2510;32250; ; ; ; ;1506;15352; ; ; ; 
Punta Bonita_Red de enmalle de deriva marina;1505;6930;2456;10800; ; ; ; ;1300;6226; ; ; ; 
Puerto Barrio El Progreso_Atarraya;3529;4367;1477;2224; ; ; ; ;372;588;10000;10000;4000;5000
Puerto Barrio El Progreso_Línea de mano fija continental;2337;3381;877;1198; ; ; ; ;133;266; ; ;3000;5000
Puerto Barrio El Progreso_Red de enmalle de deriva continental mallona;1955;2857;1231;1760; ; ; ; ;155;312; ; ;4000;6000
Puerto Asure_Atarraya;2164;4994; ; ; ; ; ; ;144;747; ; ; ; 
Bahía de Santa Marta_Buceo de peces; ; ; ; ; ; ; ; ; ; ; ; ; ; 
Cooperativas - Pueblo Nuevo_Red de enmalle de deriva marina;850;3391;1530;5087; ; ; ; ;357;1601; ; ; ; 
Pesqueras - Pueblo Nuevo_Palangre o espinel de fondo;2275;3604;8829;18517; ; ; ; ;2008;3877;32000;59000;105000;287500
Puerto Amor_Atarraya;4340;7107; ; ; ; ; ; ;202;349; ; ; ; 
San Alejandro_Red de enmalle fija continental;1329;1567;600;2019; ; ; ; ; ; ; ; ; ; 
Puerto Arriba (Dibulla)_Red de enmalle langostera;842;1382;1916;5509; ; ; ; ;148;190; ; ; ; 
Puerto Arriba (Dibulla)_Red de enmalle de encierro marina;1812;4823;12946;25810; ; ; ; ; ; ; ; ; ; 
Puerto Arriba (Dibulla)_Nasas de Peces;188;448;1108;2183; ; ; ; ; ; ; ; ; ; 
Mayapo_Red de enmalle fija marina;1425;2643;1890;3308; ; ; ; ;511;511; ; ; ; 
La T_Nasas de Peces; ; ;485;3457; ; ; ; ; ; ; ; ; ; 
El Muelle (Puerto López)_Red de enmalle fija continental;3194;6419;1427;3658; ; ; ; ;202;720;10000;10000;10000;20000
Candelaria (Chimichagua)_Red de enmalle fija continental;1636;2034;475;1899; ; ; ; ;94;195; ; ;1000;2000
Candelaria (Chimichagua)_Chinchorra;1446;3935;719;3130; ; ; ; ;118;354; ; ;2000;6000
Providencia o Caimancito_Red de enmalle fija continental; ; ; ; ; ; ; ; ; ; ; ; ; ; 
Cabo Marzo_Línea de mano fija marina;2054;5043;3163;10851; ; ; ; ;651;1906; ; ;50000;540800
La Punta_Buceo marino mixto;2527;7508;956;3666; ; ; ; ;200;619; ; ; ; 
Rincón del Mar_Nasa de langostas;47;135;112;416; ; ; ; ; ; ;2000;7000; ; 
Casco urbano Roma_Red de enmalle fija continental; ; ; ; ; ; ; ; ; ; ; ; ; ; 
Taganga_Nasas de Peces;75;243;146;535; ; ; ; ;6;19; ; ;6000;6000
Docordó_Palangre o espinel de fondo;3215;8181;3015;9688; ; ; ; ;625;807;10000;15000; ; 
Puerto La Candelaria_Red de enmalle de deriva continental; ; ;4146;8604; ; ; ; ; ; ; ; ; ; 
Jodedor_Red de enmalle langostera;443;789;2783;5193; ; ; ; ; ; ; ; ; ; 
El Puerto (Tumaco)_Red de enmalle de deriva marina;1548;9944;1661;7778; ; ; ; ;244;1875; ; ; ; 
Playa Necoclí_Red de enmalle fija marina;1340;4162;1952;5273; ; ; ; ;639;1919; ; ;19800;46000
Dotenedó_Recolección manual de piangua; ; ;2162;2162; ; ; ; ; ; ; ; ; ; 
Playa Necoclí_Red de enmalle fija marina campaña;1551;3788;1611;5324; ; ; ; ;673;1647; ; ;20800;50000
Tribugá_Línea de mano fija marina;2300;7491;2322;7269; ; ; ; ;261;978;5250;9750; ; 
Concepción - Tacamocho_Red de enmalle fija continental;1142;1839; ; ; ; ; ; ;153;261; ; ;2000;4600
Desembarcadero (Juradó)_Red de enmalle fija marina;4924;13678;8204;25437; ; ; ; ;2755;6407; ; ; ; 
La Chamba_Línea de mano fija continental;1500;5000;1886;7516; ; ; ; ;452;1204; ; ;2460;3450
Cangrejito_Línea de mano fija marina;799;2104; ; ; ; ; ; ; ; ;3000;4000; ; 
Cangrejito_Palangre o espinel de fondo;831;1980;2619;5794; ; ; ; ;139;748;5000;45000; ; 
Sivirú_Línea de mano fija marina;3000;7172;1493;4412; ; ; ; ; ; ; ; ; ; 
Bazán_Palangre o espinel de fondo;3119;9708;5826;11557; ; ; ; ;2000;3846;50000;50000;50000;50000
Laguna Colorada_Red de enmalle fija continental;1121;3000; ; ; ; ; ; ; ; ; ; ; ; 
Muelle Hong Kong_Atarraya;2500;6000;2726;8118; ; ; ; ; ; ; ; ; ; 
Muelle Hong Kong_Red de enmalle fija continental;2523;8000;2684;9326; ; ; ; ;644;3826; ; ;30000;30000
Muelle Hong Kong_Línea de mano fija continental;2342;8000;1816;8769; ; ; ; ;592;592; ; ; ; 
Mayapo_Nasas de Peces;44;140;63;205; ; ; ; ; ; ; ; ; ; 
Miramar - Bahía Málaga_Red de enmalle fija marina; ; ;1636;8025; ; ; ; ;455;5000; ; ; ; 
Mercado (Lorica)_Red de enmalle de encierro continental;2317;4059;1777;1777; ; ; ; ;201;349; ; ; ; 
Casco Urbano (San Juan de Urabá)_Arpón;1989;7292;9663;11872; ; ; ; ;420;453; ; ; ; 
Puerto Chucha_Red de enmalle fija continental;2510;6125;643;979; ; ; ; ;161;300; ; ;3600;7000
Tagachí_Red de enmalle de deriva continental;1734;7778;2667;8125; ; ; ; ; ; ; ; ; ; 
Puerto Arriba (Dibulla)_Chinchorro camaronero;1618;2360;5265;12511; ; ; ; ; ; ; ; ; ; 
La Boquilla_Línea de mano fija marina;1825;4000;6946;15019; ; ; ; ;522;1076;20000;45250; ; 
Curillo_Palangre calandrio; ; ;1470;3846; ; ; ; ;1188;1188;25100;45000; ; 
Santuario_Atarraya;1399;4006;1742;3205; ; ; ; ;342;492; ; ; ; 
Santuario_Red de enmalle de deriva continental;2163;5017;2526;7833; ; ; ; ;375;1079; ; ; ; 
Milagros de la Mar_Red de enmalle fija marina;3125;6897;965;3174; ; ; ; ;441;1000; ; ; ; 
Puerto Abajo (Dibulla)_Palangre o espinel de fondo;1025;2364;4127;5299; ; ; ; ; ; ;20000;20000; ; 
Isla Fuerte_Nasa de langostas;40;196;234;1178; ; ; ; ; ; ;18250;33500; ; 
Charambirá_Palangre o espinel de fondo;2963;5556;7200;18000; ; ; ; ; ; ; ; ; ; 
Puerto Pozuelo - La Rinconada_Red de enmalle de encierro continental;846;1221; ; ; ; ; ; ;165;286; ; ;2000;4400
Betania - Naya_Palangre o espinel de fondo;2700;5909;4909;10429; ; ; ; ;414;1363; ; ; ; 
Marriaga_Red de enmalle fija continental; ; ;807;1329; ; ; ; ; ; ; ; ; ; 
Charambirá_Red de enmalle fija marina; ; ;6000;24000; ; ; ; ; ; ; ; ; ; 
Isla Fuerte_Red de enmalle fija marina;1398;2219;736;3885; ; ; ; ; ; ; ; ; ; 
Betania - Naya_Palangre o espinel de superficie;5191;11618;3078;6678; ; ; ; ;466;859; ; ; ; 
Betania - Naya_Red de enmalle de deriva marina;2754;7595;4880;11665; ; ; ; ;775;3026; ; ; ; 
Santa Cruz - Naya_Red de enmalle de deriva marina;2052;5588;4701;10396; ; ; ; ;562;2193; ; ; ; 
La Rampa (Barrancabermeja)_Red de enmalle de deriva continental;1990;9116;2071;6282; ; ; ; ;1242;6023; ; ;13000;40000
Puerto Miraflores_Línea de mano fija marina;2459;7793;3734;13198; ; ; ; ;942;2848; ; ; ; 
Arrimadero La Unión_Palangre o espinel de fondo;1580;17947;3397;16582; ; ; ; ;1027;4766; ; ; ; 
Arrimadero La Unión_Línea de mano fija marina;3497;13953;2630;38665; ; ; ; ;1127;3601; ; ; ; 
Puerto Miraflores_Palangre o espinel de fondo;1758;7477;4064;16048; ; ; ; ;1186;2434; ; ; ; 
Cecilia_Atarraya; ; ;1406;1944; ; ; ; ; ; ; ; ; ; 
Arrimadero La Unión_Red de enmalle fija marina;2646;7199;2903;11789; ; ; ; ;1124;3430; ; ; ; 
Arrimadero La Unión_Red de enmalle marina de fondo;4638;10307;2320;2940; ; ; ; ;1273;2421; ; ; ; 
Miel de Abeja_Palangre o espinel de fondo;1094;8846;3906;16588; ; ; ; ; ; ; ; ;25000;30000
Desembarcadero (Juradó)_Línea de mano fija marina;6359;19546;11743;36544; ; ; ; ;3748;10613;9700;100750;36450;44550
Casco urbano Roma_Atarraya; ; ; ; ; ; ; ; ; ; ; ; ; ; 
Guataquí_Nasas de Peces; ; ;714;1078; ; ; ; ; ; ;8000;18700; ; 
Guataquí_Palangre calandrio;888;5941;316;3394; ; ; ; ; ; ; ; ; ; 
Isla Fuerte_Red de enmalle de encierro marina;2065;3981;1293;2270; ; ; ; ; ; ; ; ; ; 
La Pedrera_Palangre calandrio;1813;6825;497;4697; ; ; ; ;578;3003; ; ; ; 
La Pedrera_Red de enmalle fija continental;1909;7399;1022;5058; ; ; ; ;627;2635; ; ; ; 
La Pedrera_Red de enmalle de deriva continental;1994;6868;1468;6726; ; ; ; ;743;1807; ; ; ; 
La Pedrera_Arpón;1903;7408;874;4276; ; ; ; ;578;2484; ; ; ; 
Distribuidoras de Tumaco_Red de enmalle de deriva marina;1491;3602;3437;9375; ; ; ; ;362;1013; ; ; ; 
Vigía_Red de enmalle de deriva marina;2500;5000;2708;5333; ; ; ; ; ; ; ; ; ; 
Amarales_Red de enmalle de deriva marina;2657;8152;1998;9483; ; ; ; ; ; ; ; ;5000;10000
San Nicolás (Santa Cruz De Mompox)_Chinchorro continental;2146;4484; ; ; ; ; ; ;147;410; ; ; ; 
Mantequera_Red de enmalle fija continental;1710;2491;1059;1059; ; ; ; ;98;126; ; ;2000;4000
La Boquilla_Palangre o espinel de superficie;907;1566;613;1363; ; ; ; ;180;236;6000;15000; ; 
Mantequera_Red de enmalle de deriva continental;1352;2968;1035;3220; ; ; ; ;116;255; ; ;2000;4000
Mantequera_Palangre calandrio;1775;2320; ; ; ; ; ; ;92;161; ; ;2000;4800
Muelle Principal (Puerto Leguízamo)_Red de enmalle de deriva continental; ; ;4027;4573; ; ; ; ; ; ; ; ; ; 
Codis_Atarraya;1636;2278;744;863; ; ; ; ;223;263; ; ; ; 
Virudó_Palangre o espinel de fondo;8333;8333;1031;8550; ; ; ; ; ; ; ; ; ; 
Puerto de las Canoas (Puerto Berrío)_Palangre calandrio;1081;2688;1656;5275; ; ; ; ;273;1083;10000;25000; ; 
Dotenedó_Palangre o espinel de fondo; ; ;2831;18245; ; ; ; ; ; ; ; ; ; 
Nueva Colonia_Red de enmalle fija continental;1632;2575;2640;4173; ; ; ; ;651;952; ; ; ; 
Vigía de Curvaradó_Red de enmalle fija continental;1839;2439;1451;6304; ; ; ; ;546;4174; ; ;30000;30000
Bazurto_Atarraya;2438;3955; ; ; ; ; ; ;350;645; ; ; ; 
Orpua_Red de enmalle de encierro marina; ; ;7881;16653; ; ; ; ; ; ; ; ; ; 
Pesquera Aspabab_Red de enmalle fija marina;3515;8766;1846;5982; ; ; ; ; ; ; ; ; ; 
Pesquera Aspabab_Palangre o espinel de fondo;1807;4889;2938;6969; ; ; ; ;565;1278; ; ; ; 
Curvaradó_Red de enmalle fija continental; ; ;803;1090; ; ; ; ; ; ; ; ; ; 
Laguna Colorada_Palangre calandrio;952;2575; ; ; ; ; ; ; ; ; ; ; ; 
Barrio Abajo (Ciénaga)_Red de arrastre artesanal o changa;2521;4000;6466;13287; ; ; ; ;252;494; ; ; ; 
Tagachí_Línea de mano fija continental; ; ;2130;4709; ; ; ; ; ; ; ; ; ; 
Puerto Boca_Línea de mano fija continental; ; ; ; ; ; ; ; ; ; ; ; ;6600;18300
Guacamayo_Atarraya; ; ; ; ; ; ; ; ; ; ; ; ; ; 
La Chamba_Red de enmalle de deriva continental;1000;4500;3173;6817;2000;2000;2000;2000;401;946; ; ;2100;3000
Casino_Línea de mano fija marina;1303;3811;1043;4501; ; ; ; ;135;1067;4200;168000;23000;57000
El Llanito_Red de enmalle de deriva continental;2381;4643;2857;6613;2000;2000;2000;2000;204;473;6000;6000; ; 
Vida Tranquila_Atarraya;780;2109;848;5286; ; ; ; ;164;344; ; ;2000;5000
Puerto de Bolombolo_Palangre calandrio; ; ;856;1000; ; ; ; ; ; ; ; ;15000;30000
Puerto de Bolombolo_Atarraya; ; ; ; ; ; ; ; ; ; ; ; ;20000;30000
El Roto_Red de enmalle fija continental; ; ;2072;3449; ; ; ; ; ; ; ; ; ; 
Corozal_Red de enmalle fija marina;7482;15638;6067;8888; ; ; ; ;485;2072; ; ;3000;3000
Villanueva_Red de enmalle de deriva continental; ; ; ; ; ; ; ; ;88;96; ; ; ; 
San Alejandro_Red de enmalle de deriva continental;5000;5000;2827;20253; ; ; ; ; ; ; ; ; ; 
Puerto Antequera_Chinchorro continental;2217;4326; ; ; ; ; ; ;831;1552; ; ;2000;8650
Caño Lobo_Palangre o espinel de fondo;3929;5714; ; ; ; ; ; ;168;314; ; ;4000;4000
Puerto Chaparro_Cóngolo;2593;2593;1017;4514; ; ; ; ;167;901; ; ; ; 
Cartagena del Chairá_Red de enmalle fija continental;3780;5976;829;2215; ; ; ; ;384;1188;40000;40000; ; 
Paujil_Red de enmalle fija continental;1012;7684;1866;5962; ; ; ; ;724;1326; ; ; ; 
Nueva Ola_Palangre calandrio; ; ;279;642; ; ; ; ; ; ; ; ; ; 
Berlín_Atarraya; ; ; ; ; ; ; ; ; ; ; ; ; ; 
Berlín_Red de enmalle de deriva continental; ; ;4350;7839; ; ; ; ; ; ; ; ; ; 
La Tranca_Red de enmalle zangarreo; ; ; ; ; ; ; ; ;485;802; ; ; ; 
Mayapo_Palangre o espinel de fondo;1243;2585;2166;3792; ; ; ; ; ; ;7000;7000; ; 
Puerto Cabuyaro_Atarraya;2675;6050;2991;6362; ; ; ; ;256;269; ; ; ; 
Cabo de la Vela_Nasas de Peces; ; ;74;432; ; ; ; ; ; ; ; ; ; 
El Puerto (Puerto Carreño)_Línea de mano fija continental;1804;6213;1510;3212; ; ; ; ;477;1258;20000;36500; ; 
Barrio Chino_Chinchorro continental; ; ;574;1268; ; ; ; ; ; ; ; ; ; 
Taganga_Línea de mano - Ballestilla;4760;6411;5421;7048; ; ; ; ;177;940; ; ;6000;6000
La Plata - Bahía Málaga_Palangre o espinel de fondo; ; ;1000;1385; ; ; ; ;831;1154; ; ; ; 
La Plata - Bahía Málaga_Red de enmalle fija marina; ; ;1000;3680; ; ; ; ;875;3750; ; ; ; 
Punta Bonita_Chinchorro marino;1002;2715;8416;50361; ; ; ; ;5202;32313; ; ; ; 
Mayapo_Buceo marino mixto;1332;2249;2092;3260; ; ; ; ; ; ; ; ; ; 
Puerto Principal (Leticia)_Red de enmalle fija continental;1200;4536;796;4727; ; ; ; ;603;3077; ; ;15000;52000
Lamas_Red de enmalle fija continental;869;1957;191;268; ; ; ; ;66;200; ; ;1000;2400
Pueblo Nuevo (Barrancominas)_Palangre calandrio;1342;3161; ; ; ; ; ; ; ; ; ; ; ; 
Bocas de Seheve_Chinchorro continental; ; ;980;6791; ; ; ; ; ; ; ; ; ; 
La Rampa (Barrancabermeja)_Chinchorro continental;3534;7152;3023;4501; ; ; ; ;2423;3680; ; ; ; 
Miramar - Bahía Málaga_Línea de mano fija marina; ; ;2475;7830; ; ; ; ;547;2196; ; ; ; 
Puerto de Gamarra_Palangre calandrio;981;1787;1653;2690; ; ; ; ;215;1146; ; ; ; 
Playa Totumo_Palangre o espinel de fondo;1452;5383;2725;8894; ; ; ; ;401;1849; ; ; ; 
Puerto Principal (Leticia)_Palangre calandrio;1128;4842;898;2222; ; ; ; ;694;1804; ; ;10300;51700
La Raya_Atarraya; ; ; ; ; ; ; ; ; ; ; ; ; ; 
La Raya_Palangre calandrio; ; ; ; ; ; ; ; ; ; ; ; ; ; 
Puerto principal (San Vicente del Caguán)_Línea de mano fija continental;6974;10891;5241;7149; ; ; ; ;550;970; ; ; ; 
Providencia o Caimancito_Atarraya;3796;5179; ; ; ; ; ; ;151;237; ; ; ; 
Palanca_Atarraya; ; ;1567;1567; ; ; ; ; ; ; ; ; ; 
Pueblo Nuevo (Barrancominas)_Flecha;3812;3812; ; ; ; ; ; ; ; ; ; ; ; 
Usaragá_Palangre o espinel de fondo;1507;4827;1892;9126;10100;11900;10100;11900;386;2574; ; ; ; 
Bazán La Bocana_Red de enmalle de deriva marina;961;1971;4542;6305; ; ; ; ;513;1139; ; ; ; 
Punta de blanco_Palangre calandrio; ; ; ; ; ; ; ; ;101;122; ; ; ; 
Casco Urbano (Arauca)_Línea de mano fija continental;967;6627;770;3591; ; ; ; ;256;1511;8500;22500;4900;85000
Puerto (Arauquita)_Atarraya;2337;7000;2617;9772; ; ; ; ;522;1916; ; ;7300;13000
Puerto de desembarco (Mitú)_Arpón;1795;4585;1514;2983; ; ; ; ; ; ; ; ;5050;5950
Tagachí_Atarraya; ; ;6000;6000; ; ; ; ; ; ; ; ; ; 
Puerto Barrio El Progreso_Chinchorra;2249;2759;1187;1445; ; ; ; ;283;434; ; ;5350;7650
Puerto Barrio El Progreso_Atarraya rastra;3555;4182;2107;2664; ; ; ; ;370;500; ; ;5000;8500
Santuario_Arpón;1164;3941;1685;8250; ; ; ; ;286;1047; ; ; ; 
Puerto del Pescado (San José Del Guaviare)_Palangre calandrio;2100;3145;1855;4361; ; ; ; ; ; ;4200;7000; ; 
Buchadó_Línea de mano fija continental;1449;3475;964;2161; ; ; ; ; ; ;25600;60000; ; 
Berlín_Red de enmalle fija continental; ; ; ; ; ; ; ; ; ; ; ; ; ; 
Villa Fátima_Palangre o espinel de fondo;2593;3760;14906;17617; ; ; ; ;1193;1509; ; ; ; 
La Gloria_Atarraya;4139;5193; ; ; ; ; ; ;180;180; ; ;10000;35000
La Gloria_Palangre calandrio;2120;4368; ; ; ; ; ; ; ; ; ; ;2000;30000
Puerto de Gamarra_Red de enmalle fija continental;948;2545;1725;2523; ; ; ; ;243;1018; ; ; ; 
Nueva Ola_Atarraya; ; ;689;2537;5250;9750;5250;9750;328;798; ; ; ; 
Mayapo_Red de enmalle de encierro marina;1449;2194;2434;3343; ; ; ; ; ; ; ; ; ; 
Barrio La Unión_Línea de mano fija marina;963;4507;1503;6376; ; ; ; ;238;928;10000;22500; ; 
Barrio La Unión_Red de enmalle de encierro marina;2785;4826;1996;6700; ; ; ; ; ; ; ; ; ; 
Muelle Principal (Puerto Leguízamo)_Línea de mano fija continental;1804;2327;1030;1931; ; ; ; ;676;856; ; ; ; 
Taganga_Ballestilla/Palangre parguera;1909;5544;2356;8322; ; ; ; ;903;2700;120000;2,00E+05;45000;1,00E+05
Santa Clara_Palangre calandrio; ; ; ; ; ; ; ; ;95;152;3975;7675; ; 
Cooperativas - Pueblo Nuevo_Palangre o espinel de fondo;926;3251;4729;7645; ; ; ; ;1113;2159; ; ; ; 
Candelaria (Achí)_Atarraya; ; ; ; ; ; ; ; ;400;400; ; ; ; 
Candelaria (Achí)_Red de enmalle de deriva continental; ; ; ; ; ; ; ; ;420;1855; ; ; ; 
Méjico_Línea de mano fija continental; ; ;808;1177; ; ; ; ; ; ; ; ; ; 
Méjico_Palangre calandrio; ; ; ; ; ; ; ; ; ; ; ; ; ; 
Guacamayo_Red de enmalle de encierro continental;5694;8194; ; ; ; ; ; ;1167;1167; ; ; ; 
El Porvenir_Buceo marino mixto;1265;8656;979;2885; ; ; ; ;255;255;23000;23000; ; 
Cecilia_Red de enmalle de deriva continental; ; ; ; ; ; ; ; ; ; ; ; ; ; 
Guacamayo_Línea de mano fija continental; ; ;799;1100; ; ; ; ; ; ;4000;4000; ; 
Pizarro_Palangre o espinel de fondo;1957;7709;2893;23457; ; ; ; ;955;20363; ; ;1200000;1200000
El Porvenir_Atarraya;2000;5800;1210;2283; ; ; ; ;1071;1071; ; ; ; 
Puerto Arriba (Dibulla)_Chinchorro marino;1177;1661;12637;15341; ; ; ; ; ; ; ; ; ; 
Chontal_Red de enmalle de deriva marina; ; ;4568;21325; ; ; ; ; ; ; ; ; ; 
Puerto Boyacá_Palangre calandrio;1283;1819;3172;5614; ; ; ; ; ; ; ; ; ; 
Juanchaco_Red de enmalle fija marina;5532;7278;7523;9898; ; ; ; ;553;728; ; ; ; 
Puerto Los Córdobas_Red de enmalle de deriva marina;3100;5988;2482;6369; ; ; ; ;531;1198; ; ; ; 
Clarinetero_Red de enmalle fija continental;2332;12000;1048;1581; ; ; ; ;1198;1703; ; ;11000;11000
Caño Lobo_Buceo de peces;3603;5110; ; ; ; ; ; ;157;241; ; ;4000;4000
Limones_Red de enmalle fija marina;3562;7127;6163;24987; ; ; ; ; ; ; ; ; ; 
Nueva Colonia_Flecha;1724;3976;3133;5565; ; ; ; ;690;1464; ; ;6000;10000
Quiroga_Red de enmalle fija marina;4208;4958;12608;13295; ; ; ; ; ; ; ; ; ; 
Caño Lobo_Red de enmalle de encierro marina;3030;6267; ; ; ; ; ; ;186;281; ; ;4600;8000
El Puerto (Puerto Carreño)_Palangre calandrio;2315;3403; ; ; ; ; ; ;218;338; ; ;5000;5000
El Puerto (Puerto Carreño)_Red de enmalle fija continental;1333;4593;1136;2850; ; ; ; ;180;500;30000;30000;5000;9000
Puerto (Orocué)_Palangre calandrio;595;898;836;1819; ; ; ; ;236;407; ; ; ; 
Comercializadores independientes (Guapi)_Red de enmalle fija marina;4778;19236;2019;8972; ; ; ; ;1198;6200;20000;20000; ; 
Bocas de Seheve_Atarraya; ; ;678;3155; ; ; ; ; ; ; ; ; ; 
La Chamba_Red de enmalle fija continental;2500;4532;4488;8187; ; ; ; ;405;648; ; ; ; 
Plaza de mercado (La Dorada)_Línea de mano fija continental;4205;10097;2201;3273; ; ; ; ; ; ; ; ; ; 
El Porvenir_Red de enmalle fija marina;1657;2554;340;673; ; ; ; ; ; ; ; ; ; 
Lomita Arena_Chinchorro marino; ; ;7020;19082; ; ; ; ; ; ; ; ; ; 
Puerto Barrio El Progreso_Red de enmalle de deriva continental;2058;4035;1111;2084; ; ; ; ;160;471; ; ;3700;5000
Paujil_Línea de mano fija continental;2759;7950;5556;5556; ; ; ; ; ; ; ; ; ; 
Policía fluvial (Quibdó)_Red de enmalle de deriva continental;2800;7352;5461;17853; ; ; ; ; ; ; ; ; ; 
Uveros_Red de enmalle camaronera;2189;5500;2144;7332; ; ; ; ;204;775; ; ; ; 
Barrio La Unión_Red de enmalle langostera;1051;1315;1309;2222;10000;10000;10000;10000; ; ; ; ; ; 
Paujil_Palangre calandrio;1526;3847;1941;4036; ; ; ; ; ; ; ; ; ; 
San Miguel (Puerto Gaitán)_Red de enmalle fija continental;3462;7549;1964;10625; ; ; ; ;288;412; ; ; ; 
Punta Bonita_Red de enmalle camaronera;4581;10000;8233;27067; ; ; ; ;4133;17222; ; ;20000;20000
Río San Miguel_Atarraya; ; ;5143;5143; ; ; ; ; ; ; ; ; ; 
La Charca de Guarinocito_Atarraya;4656;15052;1705;2157; ; ; ; ; ; ; ; ; ; 
La Punta - Firme Cifuentes_Red de enmalle camaronera;4545;8576;5927;11250; ; ; ; ;1489;2585; ; ; ; 
Candelaria (Achí)_Palangre calandrio; ; ; ; ; ; ; ; ; ; ; ; ; ; 
Playa Nueva_Red de enmalle camaronera;1937;7754;4962;13005; ; ; ; ; ; ; ; ; ; 
Las Delicias_Buceo de langosta; ; ;1713;4004; ; ; ; ; ; ; ; ; ; 
Puerto Abajo (Dibulla)_Red de enmalle de encierro marina;1786;4443;12019;34929; ; ; ; ; ; ; ; ; ; 
Bazán La Bocana_Red de enmalle camaronera;1589;6471;2900;13176; ; ; ; ;277;1357; ; ; ; 
Bazán La Bocana_Red de arrastre artesanal o changa;4203;12650;10105;15715; ; ; ; ;524;1936; ; ; ; 
Ica-Copipa_Línea de mano fija marina;4630;9758;2796;11525; ; ; ; ; ; ; ; ; ; 
Galería (Guapi)_Red de enmalle fija marina;1375;10250;1568;20524; ; ; ; ;285;2477; ; ; ; 
Puerto de desembarco (Barrancominas)_Red de enmalle fija continental;1659;9750;1401;10586; ; ; ; ; ; ; ; ; ; 
La Ensenada_Red de enmalle camaronera;2902;6510;4256;11268; ; ; ; ; ; ; ; ; ; 
Betania - Naya_Red de enmalle camaronera;3124;6166;5863;11853; ; ; ; ;1080;2677; ; ; ; 
Méjico_Atarraya; ; ;2312;3010; ; ; ; ; ; ; ; ; ; 
Camarones_Red de enmalle de encierro marina;1139;5180;8475;16442; ; ; ; ;708;708; ; ; ; 
Amarales_Red de enmalle camaronera;3949;10000;2271;5369; ; ; ; ; ; ; ; ; ; 
Curillo_Atarraya;7593;7593;4457;6853; ; ; ; ;973;973; ; ; ; 
Tribugá_Línea de mano correteo curricán o trolling;2822;8558;6883;6883; ; ; ; ;253;479; ; ; ; 
La Gloria_Chinchorro continental;1212;3636;3489;7391; ; ; ; ; ; ; ; ;5000;5000
Vigía_Red de enmalle camaronera;2365;4167;1875;3548; ; ; ; ; ; ; ; ; ; 
Marralú_Red de enmalle fija continental; ; ;215;643; ; ; ; ;96;165; ; ; ; 
Miramar - Bahía Málaga_Palangre o espinel de fondo; ; ;895;2000; ; ; ; ;216;651; ; ; ; 
Puerto Arriba (Dibulla)_Palangre o espinel de fondo;2384;3221;3676;10808; ; ; ; ; ; ;15000;36000; ; 
El Puerto (Tumaco)_Red de enmalle fija marina;3224;7035;2695;4251; ; ; ; ;593;855; ; ; ; 
Puerto Colorado_Red de enmalle fija continental; ; ;643;1068; ; ; ; ; ; ; ; ; ; 
Nueva Ola_Red de enmalle fija continental; ; ;194;337; ; ; ; ; ; ; ; ; ; 
Armenia_Palangre calandrio;1245;1544; ; ; ; ; ; ;197;275; ; ;2000;4000
Muelles del Camarón_Red de arrastre artesanal o changa;4061;6757;13223;20413; ; ; ; ; ; ; ; ; ; 
Villa Fátima_Red de enmalle de deriva marina; ; ;11143;13446; ; ; ; ; ; ; ; ; ; 
Santa Cruz - Naya_Red de enmalle camaronera;2977;5694;5206;10878; ; ; ; ;1118;2190; ; ; ; 
Santa Cruz - Naya_Red de enmalle fija marina;1740;4452;2202;8506; ; ; ; ;296;937; ; ; ; 
Costilla_Chinchorro continental;3060;3826; ; ; ; ; ; ;110;198; ; ; ; 
El Muelle (Barrancabermeja)_Palangre calandrio;2663;4672;1968;6351; ; ; ; ;183;820;8200;20000; ; 
Belén (San Marcos)_Palangre calandrio; ; ; ; ; ; ; ; ; ; ; ; ; ; 
Playa Totumo_Línea de mano fija marina;2000;5862;3289;7168; ; ; ; ;556;716; ; ; ; 
Clarinetero_Línea de mano fija continental;5663;12594;1132;1257; ; ; ; ;1251;2437; ; ; ; 
La Playa (El Banco)_Nasas de Peces; ; ;1788;2647; ; ; ; ; ; ;50000;60000;5000;6000
Laguna Colorada_Flecha;2083;2952; ; ; ; ; ; ; ; ; ; ; ; 
Cooperativas - Pueblo Nuevo_Red de enmalle camaronera;1811;4139;1554;5186; ; ; ; ;728;1793; ; ; ; 
Puerto Rico [Meta]_Red de enmalle de deriva continental;3054;6101;3523;8055; ; ; ; ;358;602; ; ; ; 
Puerto principal (San Vicente del Caguán)_Palangre calandrio;7872;26197;5480;6353; ; ; ; ;640;1806; ; ; ; 
San José de la Calle_Línea de mano fija continental; ; ;869;4789; ; ; ; ; ; ; ; ; ; 
El Muelle (Barrancabermeja)_Atarraya rastra;3275;5816;6697;13661; ; ; ; ;420;1276; ; ; ; 
Mercado (Lorica)_Palangre calandrio;2661;3517; ; ; ; ; ; ; ; ; ; ; ; 
Milagros de la Mar_Palangre o espinel de fondo;1777;4509;3178;5500; ; ; ; ;636;1065; ; ; ; 
Lomita Arena_Palangre o espinel de superficie; ; ;1325;2291; ; ; ; ; ; ; ; ; ; 
Las Balsas_Red de enmalle fija continental;3684;6177;1786;3773; ; ; ; ;196;697;10000;10000;10000;10000
El Muelle (Puerto López)_Palangre calandrio;2610;4862;1599;2687; ; ; ; ;385;621;10000;10000;10000;10000
Puerto Abajo (Dibulla)_Red de enmalle langostera;882;1041;2703;3716; ; ; ; ; ; ; ; ; ; 
Campo alegre_Atarraya; ; ;2997;3329; ; ; ; ; ; ; ; ; ; 
Bahía de Cispatá_Arpón;1841;4600; ; ; ; ; ; ;153;464; ; ;4000;5800
Morrosquillo_Buceo de peces;2461;10000;2434;2434; ; ; ; ;413;790; ; ;5000;5000
Cupica_Palangre o espinel de fondo;2059;2999;5000;6964; ; ; ; ;588;1238; ; ;5000;5000
El Muelle (Barrancabermeja)_Chinchorro continental;2035;3883;4159;7335; ; ; ; ;527;2231; ; ; ; 
Juanchaco_Línea de mano correteo curricán o trolling;5899;7601;6686;10196; ; ; ; ;737;776; ; ; ; 
Casco Urbano (Arauca)_Chinchorro continental;1163;1256;1225;1298; ; ; ; ;514;599; ; ; ; 
Miramar - Bahía Málaga_Red de enmalle de deriva marina; ; ;2418;8550; ; ; ; ;507;1916; ; ; ; 
Charambirá_Línea de mano fija marina; ; ;9300;17400; ; ; ; ; ; ; ; ; ; 
La Gloria_Nasas de Peces;2135;2556;2213;3808; ; ; ; ; ; ;29500;92500;10500;19500
La Gloria_Atarraya puesteo;2173;5700;2507;7381; ; ; ; ; ; ;2250;43750; ; 
Guataquí_Atarraya;1387;4826;1061;5000; ; ; ; ; ; ; ; ; ; 
Río San Miguel_Línea de mano fija continental;1969;10318;1240;9500; ; ; ; ; ; ;4000;11375; ; 
Bahía de Cispatá_Nasa de jaibas;1964;3518; ; ; ; ; ; ;415;428;2650;3675;2000;4000
Cartagena del Chairá_Línea de mano fija continental;1794;3294;2075;2900; ; ; ; ;599;789; ; ; ; 
Candelaria (Achí)_Chinchorro continental; ; ; ; ; ; ; ; ;924;2500; ; ; ; 
Barrio Chino_Atarraya; ; ; ; ; ; ; ; ; ; ; ; ; ; 
Mapiripán_Chinchorro continental;4667;4667;8554;16294; ; ; ; ; ; ; ; ; ; 
Sivirú_Palangre o espinel de fondo;4378;8151;3547;4973; ; ; ; ; ; ; ; ; ; 
Bahía de Cispatá_Buceo de peces;1633;4765;1723;3309; ; ; ; ;201;471; ; ;3000;8550
Casino_Red de enmalle fija marina;1459;1459;3371;3371; ; ; ; ;560;560; ; ;10000;10000
Tribugá_Arpón;10446;10446; ; ; ; ; ; ; ; ; ; ; ; 
Sapzurro_Red de enmalle fija marina; ; ;931;1660; ; ; ; ; ; ; ; ; ; 
El Porvenir_Línea de mano correteo curricán o trolling; ; ;1198;4403; ; ; ; ;257;335;15250;19750; ; 
Villanueva_Atarraya; ; ; ; ; ; ; ; ;353;353; ; ; ; 
Punta de blanco_Atarraya; ; ; ; ; ; ; ; ; ; ; ; ; ; 
La Rampa (Barrancabermeja)_Palangre calandrio;1589;3239;3048;8688; ; ; ; ;1866;7510;12000;15100; ; 
Candelaria (Chimichagua)_Atarraya;1801;3523;1054;2787; ; ; ; ;128;247; ; ;2000;2000
La Punta_Palangre o espinel de fondo;2786;5638;1633;2681; ; ; ; ;211;842; ; ; ; 
Casco Urbano (Arauca)_Recolección manual de mota;1336;5108;738;2300; ; ; ; ;404;1211; ; ;22000;50000
El Pedral_Palangre calandrio; ; ;352;876; ; ; ; ; ; ; ; ;5000;5000
Puerto Chaparro_Nasas de Peces; ; ;1141;7547; ; ; ; ;512;1272;10400;45000; ; 
Puerto Miraflores_Red de enmalle marina de fondo;1272;9506;2671;13541; ; ; ; ;496;2632; ; ; ; 
Purricha_Red de enmalle de deriva marina;1208;4000;3793;9665; ; ; ; ;374;540; ; ; ; 
Quiroga_Red de enmalle camaronera;3119;4592;5331;7134; ; ; ; ;413;511; ; ; ; 
Puerto de desembarco (Mitú)_Nasas de Peces;2756;3720;2162;2162; ; ; ; ; ; ; ; ; ; 
La Tagua_Línea de mano fija continental; ; ;531;1760; ; ; ; ; ; ;4600;5000; ; 
Bocanegra_Palangre o espinel de fondo;3738;5000;2493;3900; ; ; ; ; ; ; ; ;3000;5000
Buenavista (La Dorada)_Red de enmalle de encierro continental;3570;4503;3367;4446; ; ; ; ;171;382; ; ; ; 
Cartagena del Chairá_Atarraya; ; ;1271;1646; ; ; ; ;625;625; ; ; ; 
Guacamayo_Red de enmalle de deriva continental; ; ;3509;8470; ; ; ; ; ; ; ; ; ; 
Honda_Nasas de Peces;3700;6750; ; ; ; ; ; ; ; ;31850;57250;5500;10500
La Gloria_Línea de mano fija continental;1819;3953; ; ; ; ; ; ; ; ; ; ; ; 
Puerto Ciénaga de Paredes_Nasas de Peces; ; ;464;634; ; ; ; ; ; ;5000;7000; ; 
La Ensenada_Red de enmalle de deriva marina;1781;7650;2382;13643; ; ; ; ; ; ; ; ; ; 
Puerto Rico [Meta]_Red de enmalle fija continental;2333;3589;2980;4109; ; ; ; ;267;355; ; ; ; 
El Muelle (Puerto López)_Red de enmalle de deriva continental;9804;9804;7059;7059; ; ; ; ;1176;1176; ; ; ; 
Clarinetero_Chinchorro continental;5614;5614; ; ; ; ; ; ;1474;1474; ; ; ; 
Santuario_Palangre calandrio;2069;2329;1946;3217; ; ; ; ;274;274; ; ; ; 
Sapzurro_Buceo de peces;3166;3755;2552;5579; ; ; ; ; ; ; ; ; ; 
Caño Grande_Línea de mano fija continental;2000;2000; ; ; ; ; ; ; ; ; ; ; ; 
Chontal_Palangre o espinel de superficie; ; ;5446;16077; ; ; ; ; ; ; ; ; ; 
Puerto de las Canoas (Puerto Berrío)_Red de enmalle de deriva continental;687;2841;1411;4064; ; ; ; ;521;2746; ; ; ; 
Puerto Principal (Puerto Lleras)_Red de enmalle de deriva continental;4677;4854;4573;5167; ; ; ; ; ; ; ; ; ; 
Damaquiel_Red de enmalle camaronera;3319;3319;3253;10736; ; ; ; ;216;1239; ; ; ; 
Guataquí_Red de enmalle fija continental;1249;4620;500;2679; ; ; ; ; ; ; ; ; ; 
Costilla_Atarraya;2793;6678; ; ; ; ; ; ;71;213; ; ; ; 
Costilla_Palangre calandrio;2171;3471; ; ; ; ; ; ;62;121; ; ; ; 
Ica-Copipa_Buceo marino mixto;5162;10849;4158;10385; ; ; ; ; ; ; ; ; ; 
La Tagua_Red de enmalle fija continental; ; ;452;519; ; ; ; ; ; ;5000;5000; ; 
Casco Urbano (San Juan de Urabá)_Red de arrastre artesanal o changa;1729;4254;4494;11939; ; ; ; ;346;1309; ; ; ; 
Sapzurro_Red de enmalle de encierro marina; ; ;14545;14545; ; ; ; ; ; ; ; ; ; 
Puerto La Candelaria_Atarraya rastra; ; ; ; ; ; ; ; ; ; ; ; ; ; 
El Llanito_Línea de mano fija continental;4167;4167;7500;7500; ; ; ; ;500;500;8000;8000; ; 
El Pedral_Línea de mano fija continental; ; ; ; ; ; ; ; ; ; ; ; ;5000;5000
Las Flores_Palangre o espinel de fondo;1795;4790;5915;13333; ; ; ; ;884;1812;10000;28000; ; 
Sivirú_Red de enmalle camaronera;3301;6915;2974;6129; ; ; ; ; ; ; ; ; ; 
Orpua_Red de enmalle camaronera; ; ;3907;14474; ; ; ; ; ; ; ; ; ; 
Docordó_Línea de mano fija marina;4380;8790;1564;9294; ; ; ; ; ; ; ; ; ; 
Puerto de Bolombolo_Línea de mano fija continental; ; ; ; ; ; ; ; ; ; ;5000;5000; ; 
Puerto Boquillas_Chinchorro continental;1087;3200; ; ; ; ; ; ;135;348; ; ;2000;3000
El Puerto (Puerto Carreño)_Red de enmalle de deriva continental;3121;5536;3985;5287; ; ; ; ;726;878; ; ;10000;10000
Camarones_Línea de mano fija marina;1743;3865;3614;8975; ; ; ; ;449;823; ; ; ; 
Purricha_Red de enmalle camaronera;2513;4739;5633;9704; ; ; ; ;512;873; ; ; ; 
Pizarro_Red de enmalle camaronera;1946;5448;2774;5326; ; ; ; ; ; ; ; ; ; 
Muelles del Camarón_Red de enmalle fija marina;3778;4571;3084;4826; ; ; ; ;324;324; ; ; ; 
Pesquera Aspabab_Red de enmalle camaronera;2683;5083;2145;6379; ; ; ; ;447;2957; ; ; ; 
Laguna Colorada_Red de enmalle de deriva continental;1258;1317; ; ; ; ; ; ; ; ; ; ; ; 
Puerto Rico [Meta]_Línea de mano fija continental;8223;8959; ; ; ; ; ; ; ; ; ; ; ; 
Puerto Chucha_Palangre o espinel de fondo; ; ;979;1732; ; ; ; ; ; ; ; ; ; 
Bahía de Cispatá_Red de arrastre artesanal o changa;2171;2884;4029;13369; ; ; ; ;146;173; ; ;8000;8000
Puerto Chaparro_Barredera; ; ; ; ; ; ; ; ;196;215; ; ; ; 
Loma - San Sebastián_Atarraya;1798;5080; ; ; ; ; ; ;155;672; ; ; ; 
Casco Urbano (San Juan de Urabá)_Red de enmalle de deriva marina;1099;1768;5231;8062; ; ; ; ;457;623; ; ; ; 
San Alejandro_Línea de mano fija continental; ; ;680;7449; ; ; ; ; ; ; ; ; ; 
Muelle Hong Kong_Palangre calandrio;3341;8650;2677;11246; ; ; ; ;1098;1098; ; ;35750;49250
Concepción - Tacamocho_Atarraya; ; ; ; ; ; ; ; ;207;207; ; ; ; 
Mercado (Lorica)_Línea de mano fija continental;2374;3214;1300;1300; ; ; ; ; ; ; ; ; ; 
Casco Urbano (Arauca)_Red de enmalle fija continental;989;9750;880;3119; ; ; ; ;220;1085; ; ; ; 
Curillo_Red de enmalle fija continental; ; ;2615;4684; ; ; ; ;1200;1200; ; ; ; 
Soledad Pueblito_Red de enmalle de encierro marina;1562;3196;7968;19470; ; ; ; ;469;1145; ; ; ; 
Soledad Pueblito_Línea de mano fija marina;4523;7340;7690;12478; ; ; ; ;452;734; ; ; ; 
Soledad Pueblito_Red de enmalle camaronera;2448;4753;8325;16161; ; ; ; ;490;951; ; ; ; 
El Muelle (Puerto López)_Atarraya;5333;5333;4000;4000; ; ; ; ;800;800; ; ; ; 
Damaquiel_Palangre o espinel de fondo; ; ;1216;1943; ; ; ; ;88;161; ; ; ; 
Laguna Colorada_Línea de mano fija continental;1111;4502; ; ; ; ; ; ; ; ; ; ; ; 
Limones_Red de arrastre artesanal o changa;5767;5767;17301;17301; ; ; ; ;1153;1153; ; ; ; 
Limones_Red de enmalle camaronera;2790;5572;5209;14782; ; ; ; ;372;439; ; ; ; 
Puerto Triunfo_Red de enmalle de deriva continental;1303;2347;1074;1957; ; ; ; ; ; ; ; ; ; 
Dotenedó_Red de enmalle camaronera; ; ;3441;9925; ; ; ; ; ; ; ; ; ; 
Santuario_Red de enmalle fija continental;979;6232;738;4768; ; ; ; ;135;301; ; ; ; 
La Pedrera_Línea de mano fija continental;5310;6175;1697;4439; ; ; ; ;1913;1913; ; ; ; 
Puerto Boca_Red de enmalle fija continental ciénaga;2051;3111; ; ; ; ; ; ;165;209; ; ;10000;20000
Puerto de las Canoas (Puerto Berrío)_Atarraya rastra;1793;4140;2528;21472; ; ; ; ;549;1639; ; ; ; 
Muelles del Camarón_Red de enmalle de deriva marina;2050;7057;3145;11692; ; ; ; ;412;1319; ; ;61000;79000
Puerto Real - Saloa_Palangre calandrio;470;2041;400;1531; ; ; ; ;110;216; ; ;1000;1950
Las Delicias_Línea de mano fija marina; ; ;980;3043; ; ; ; ;198;440;3000;5550; ; 
El Pájaro_Buceo marino mixto; ; ;2480;3433; ; ; ; ; ; ; ; ; ; 
Mantequera_Chinchorro continental;2424;2424; ; ; ; ; ; ;182;182; ; ;3000;3000
Puerto de las Canoas (Puerto Berrío)_Chinchorra mallona;855;2500;1120;5485; ; ; ; ;351;1260; ; ;40000;40000
Puerto Boca_Barredera; ; ; ; ; ; ; ; ;427;427; ; ; ; 
Mapiripán_Línea de mano fija continental; ; ;3561;5589; ; ; ; ; ; ; ; ; ; 
Palomar_Atarraya; ; ; ; ; ; ; ; ; ; ; ; ; ; 
Concepción - Tacamocho_Palangre calandrio; ; ; ; ; ; ; ; ; ; ; ; ; ; 
Pesqueras - Pueblo Nuevo_Red de enmalle de deriva marina;2555;2555;10093;10093; ; ; ; ;2523;2523; ; ;2,00E+05;2,00E+05
Concepción - Tacamocho_Red de enmalle de deriva continental; ; ; ; ; ; ; ; ; ; ; ; ; ; 
Pueblo Lindo o Caimanera_Atarraya;3501;5000; ; ; ; ; ; ;204;412; ; ; ; 
La Pedrera_Atarraya;3171;3171;4176;4176; ; ; ; ; ; ; ; ; ; 
Puerto Principal (Puerto Lleras)_Red de enmalle fija continental;4839;5133;3800;4440; ; ; ; ; ; ; ; ; ; 
Yaguará_Arpón;1965;1965;1501;1501; ; ; ; ;214;214; ; ; ; 
Santa Clara_Red de enmalle de deriva continental; ; ; ; ; ; ; ; ;430;600; ; ; ; 
Puerto Abajo (Dibulla)_Línea de mano fija marina;10000;10000; ; ; ; ; ; ; ; ;10000;10000; ; 
Chapinero_Red de enmalle fija continental;1816;3632; ; ; ; ; ; ;179;234; ; ;20000;30000
El Roto_Palangre o espinel de fondo; ; ;1662;3366; ; ; ; ; ; ; ; ; ; 
Puerto Arriba (Dibulla)_Línea de mano fija marina;2890;2890;5058;5058; ; ; ; ; ; ;6000;6000; ; 
Bocas del Atrato_Flecha;2550;4469; ; ; ; ; ; ; ; ; ; ;5735;9965
El Muelle (Barrancabermeja)_Red de enmalle de deriva continental;2605;3557;4153;6208; ; ; ; ;773;2085; ; ; ; 
Puerto Amor_Arpón;4091;4091; ; ; ; ; ; ;273;273; ; ; ; 
Las Balsas_Palangre calandrio;3674;5071;2065;2874; ; ; ; ;406;575;10000;18000;10000;10000
Guacamayo_Barredera;6339;7143;1457;2089; ; ; ; ; ; ; ; ; ; 
Sempegua_Atarraya;1718;2889;1015;2116; ; ; ; ;165;440; ; ;1675;4000
Uveros_Red de enmalle de deriva marina;1873;3813;4795;8543; ; ; ; ;418;1046; ; ; ; 
Robles_Atarraya;2483;3646; ; ; ; ; ; ;269;494; ; ; ; 
Damaquiel_Red de enmalle de deriva marina; ; ;4537;7414; ; ; ; ;295;1247; ; ; ; 
Puerto de las Canoas (Puerto Berrío)_Chinchorra menuda;909;2218;2920;5482; ; ; ; ;516;3794; ; ; ; 
Las Flores_Palangre o espinel de superficie;1887;4000;6215;14123; ; ; ; ;767;1883;20000;30000; ; 
Palanca_Atarraya rastra; ; ;4556;6556; ; ; ; ; ; ; ; ; ; 
Puerto de desembarco (Barrancominas)_Red de enmalle de deriva continental;1667;8750;1943;5062; ; ; ; ; ; ; ; ; ; 
Puerto La Candelaria_Palangre calandrio; ; ; ; ; ; ; ; ; ; ; ; ; ; 
Pueblo Nuevo (Barrancominas)_Red de enmalle de deriva continental;1796;1796; ; ; ; ; ; ; ; ; ; ; ; 
Puerto Boca_Red de enmalle fija continental río; ; ; ; ; ; ; ; ; ; ; ; ; ; 
Tribugá_Palangre o espinel de fondo; ; ;1334;1373; ; ; ; ; ; ; ; ; ; 
San Antonio de Padua_Línea de mano fija continental;6667;6667;2400;2400; ; ; ; ; ; ; ; ; ; 
Mulatos_Palangre o espinel de superficie; ; ;2687;2687; ; ; ; ; ; ; ; ; ; 
Macurutú - Saloa_Palangre calandrio;438;695; ; ; ; ; ; ; ; ; ; ; ; 
Puerto del Pescado (San José Del Guaviare)_Redes de trasmallo;2025;2475;11069;18374; ; ; ; ; ; ; ; ; ; 
Buenavista (La Dorada)_Red de enmalle fija continental; ; ;2721;2721; ; ; ; ; ; ; ; ; ; 
San José_Red de encierro rastra; ; ;2719;9432; ; ; ; ;473;1108; ; ; ; 
Mapiripán_Red de enmalle fija continental;1648;2680;1538;2227; ; ; ; ; ; ; ; ; ; 
Nueva Colonia_Palangre o espinel de superficie;1814;2278;3482;4311; ; ; ; ;763;911; ; ; ; 
Guineal_Red de enmalle de deriva marina;2133;9575;3723;3723; ; ; ; ; ; ; ; ;6150;8850
Ica-Copipa_Línea de mano correteo curricán o trolling; ; ;4429;4429; ; ; ; ; ; ; ; ; ; 
Puerto Serviez_Chinchorro continental;705;705;3950;3950; ; ; ; ; ; ; ; ; ; 
Sapzurro_Palangre o espinel de fondo;7842;7842;21004;21004; ; ; ; ;1882;1882; ; ; ; 
Puerto Principal (Leticia)_Red de enmalle de deriva continental;1381;3779;1226;13875; ; ; ; ;409;5750; ; ;20750;33500
Puerto Real - Saloa_Chinchorro continental;2036;2036;1810;1810; ; ; ; ;362;362; ; ;3000;3000
San Miguel (Puerto Gaitán)_Línea de mano fija continental; ; ;3000;3000; ; ; ; ; ; ; ; ; ; 
Mercado (Lorica)_Buceo de peces; ; ; ; ; ; ; ; ;151;409; ; ; ; 
Puerto Triunfo_Chinchorra;3750;3750;5823;5823; ; ; ; ; ; ; ; ; ; 
Muelle La Esmeralda_Red de enmalle fija continental;6000;6000;2857;2857; ; ; ; ; ; ; ; ; ; 
Mapiripán_Palangre calandrio;5471;6911;3514;6929; ; ; ; ; ; ; ; ; ; 
Chapinero_Red de enmalle de deriva continental;2463;2699; ; ; ; ; ; ;185;202; ; ;35000;35000
Bocanegra_Red de enmalle de deriva marina;2515;2515;5030;5030; ; ; ; ;302;302; ; ; ; 
Sempegua_Red de enmalle fija continental ciénaga;822;1244;529;1171; ; ; ; ;51;130; ; ;1190;2050
El Puerto (Tumaco)_Palangre o espinel de fondo;4348;4348;15652;15652; ; ; ; ; ; ; ; ; ; 
Isla Fuerte_Nasas de Peces;3487;3662;17781;18677; ; ; ; ;1312;1461; ; ;6200;9800
Puerto Colorado_Red de enmalle de deriva continental; ; ;1764;2759; ; ; ; ; ; ; ; ; ; 
Marralú_Red de enmalle de deriva continental;2928;2996;936;1783; ; ; ; ; ; ; ; ; ; 
Marralú_Nasas de Peces; ; ; ; ; ; ; ; ; ; ; ; ; ; 
Puerto Cabuyaro_Línea de mano fija continental;6410;6410;6667;6667; ; ; ; ;513;513;70000;70000; ; 
Puerto Wilches_Chinchorra nicurera;1445;2425;2198;2947; ; ; ; ;657;748; ; ; ; 
La Gloria_Red de enmalle de encierro continental;5767;5767; ; ; ; ; ; ; ; ; ; ; ; 
Plaza de mercado (La Dorada)_Atarraya rastra;3894;4167;1558;1667; ; ; ; ; ; ; ; ; ; 
Puerto Chucha_Atarraya;2565;6162;787;1366; ; ; ; ;207;361; ; ;4300;5000
La Charca de Guarinocito_Atarraya chile;15000;15000; ; ; ; ; ; ; ; ; ; ; ; 
Palomino_Chinchorro continental;1425;2532; ; ; ; ; ; ;410;604; ; ; ; 
Guataquí_Línea de mano fija continental;1330;1330; ; ; ; ; ; ; ; ; ; ; ; 
Bocanegra_Red de enmalle fija continental; ; ;625;625; ; ; ; ;75;75; ; ;3000;3000
Guacamayo_Palangre calandrio; ; ; ; ; ; ; ; ; ; ;5000;5000; ; 
La Rampa (Barrancabermeja)_Red de enmalle de encierro continental;3679;3679;2208;2208; ; ; ; ;1840;1840; ; ; ; 
La Rampa (Barrancabermeja)_Red de enmalle fija continental;2414;9055;2104;5536; ; ; ; ;1764;3929; ; ; ; 
Palenquito_Palangre calandrio;1176;1176; ; ; ; ; ; ;118;118; ; ; ; 
Palanca_Chinchorro continental; ; ;3121;5283; ; ; ; ; ; ; ; ; ; 
Puerto Asure_Nasas de Peces; ; ; ; ; ; ; ; ; ; ; ; ; ; 
Bocas de Seheve_Red de enmalle de deriva continental; ; ; ; ; ; ; ; ; ; ; ; ; ; 
Villanueva_Red de enmalle de encierro continental; ; ; ; ; ; ; ; ;206;434; ; ; ; 
El Pedral_Red de enmalle de encierro continental; ; ;1667;1667; ; ; ; ; ; ; ; ; ; 
Domingodó_Flecha;738;3998;1737;7089; ; ; ; ; ; ; ; ; ; 
Casco Urbano (Arauca)_Nasas de Peces;2107;2107;1910;1910; ; ; ; ;1258;1258; ; ;40000;40000
La Ensenada_Palangre o espinel de fondo;2421;3011;6865;7148; ; ; ; ; ; ; ; ; ; 
Orpua_Palangre o espinel de fondo; ; ;1968;1973; ; ; ; ; ; ; ; ; ; 
Puerto Asure_Red de enmalle de encierro continental;3448;3448; ; ; ; ; ; ;276;276; ; ; ; 
Puerto Chaparro_Palangre calandrio;3191;3191;2780;3169; ; ; ; ;297;681; ; ; ; 
