SITIO_DESEMBARCO_METODO_DE_PESCA;Cuartil_inf_NUMERO_PESCADORES_hist;Cuartil_sup_NUMERO_PESCADORES_hist
Tasajera La Playa_Red de enmalle fija marina;3;4
Morrosquillo_Línea de mano;1;2
Tasajera La Playa_Palangre o espinel de fondo;2;4
Morrosquillo_Atarraya;1;1
Casino_Línea de mano;1;3
Casino_Palangre o espinel de fondo;1;3
Casino_Red de enmalle fija marina;3;3
La Charca de Guarinocito_Atarraya;2;2
El Puente_Atarraya;2;2
El Puente_Red de encierro chuchaca;3;4
El Puente_Red de enmalle de deriva continental;1;1
Bocanegra_Red de enmalle fija marina;1;3
Bocanegra_Chinchorro marino;4;11
Puerto Chucha_Red de enmalle fija marina;1;2
Puerto Chucha_Red de enmalle fija continental;1;2
Puerto Chucha_Red de enmalle de deriva marina;2;2
Puerto Colorado_Palangre calandrio;1;2
Puerto Colorado_Red de enmalle de deriva continental;2;2
Caño Grande_Red de enmalle fija continental;1;1
Puerto Colorado_Atarraya;1;2
Caño Grande_Atarraya;1;2
Puerto Colorado_Red de enmalle fija continental;1;2
San Nicolás (Nechí)_Red de enmalle de deriva continental;1;2
Belén (San Marcos)_Red de enmalle fija continental;1;1
Belén (San Marcos)_Atarraya;2;2
San Nicolás (Nechí)_Palangre calandrio;1;2
Belén (San Marcos)_Red de enmalle de deriva continental;1;1
San Nicolás (Nechí)_Red de enmalle fija continental;1;2
San Nicolás (Nechí)_Atarraya;1;2
Belén (San Marcos)_Red de encierro chuchaca;3;4
Belén (San Marcos)_Nasas de Peces;1;1
Palo Alto_Red de enmalle fija continental;1;2
Palo Alto_Red de enmalle de deriva continental;1;1
Puerto Chaparro_Red de enmalle de deriva continental;1;3
Palo Alto_Red de encierro chuchaca;3;4
Santropel - San Sebastián_Red de enmalle fija continental;1;2
Santropel - San Sebastián_Atarraya;1;2
Puerto Chaparro_Red de enmalle fija continental;1;2
Puerto Caracolí_Cóngolo;1;2
Puerto Caracolí_Nasas de Peces;1;2
Puerto Caracolí_Atarraya;1;2
Loma - San Sebastián_Red de enmalle fija continental;1;2
Puerto Caracolí_Línea de mano;1;2
Puerto Chaparro_Palangre calandrio;1;2
Buenavista (La Dorada)_Red de enmalle de deriva continental;2;3
Buenavista (La Dorada)_Atarraya;2;2
Buenavista (La Dorada)_Red de enmalle fija continental;2;3
Puerto Chaparro_Atarraya;1;2
Palenquito_Red de enmalle fija continental;1;2
Puerto López_Red de enmalle fija continental;1;2
Cerro del Rosario_Red de enmalle fija continental;1;2
Rincón_Red de enmalle fija continental;1;2
Rincón_Red de enmalle de encierro continental;2;2
Robles_Red de enmalle fija continental;1;1
Mamón_Red de enmalle fija continental;1;1
Rincón_Atarraya;1;2
Marralú_Red de enmalle fija continental;1;2
Marralú_Red de enmalle de deriva continental;2;3
Marralú_Atarraya;2;2
Palotal_Red de enmalle fija continental;2;2
Palotal_Atarraya;2;2
El Puente_Red de encierro rastra;1;3
Bahía de Cispatá_Red de enmalle de encierro marina;2;3
Bahía de Cispatá_Chinchorro marino;10;10
Bahía de Cispatá_Palangre o espinel de fondo;1;2
Bahía de Cispatá_Red de enmalle fija marina;1;3
Bahía de Cispatá_Atarraya;1;2
Bahía de Cispatá_Línea de mano;1;2
Santiago Apóstol_Red de enmalle fija continental;1;2
Robles_Red de enmalle de encierro continental;1;2
Barrio Abajo (Ciénaga)_Red de arrastre artesanal o changa;2;2
Barrio Abajo (Ciénaga)_Red de enmalle fija marina;2;4
Santiago Apóstol_Atarraya;1;2
Puente Chambacú - Río Jella_Línea de mano;2;3
Playa Necoclí_Red de enmalle fija marina;2;3
Muelle Pescadores (Puerto Boyacá)_Atarraya;1;3
Muelle Pescadores (Puerto Boyacá)_Palangre calandrio;1;3
Puerto Miraflores_Línea de mano;1;3
Puerto Miraflores_Red de enmalle fija marina;2;3
Puerto Miraflores_Palangre o espinel de fondo;2;4
Muelle Pescadores (Puerto Boyacá)_Chinchorro continental;2;3
Caño Lobo_Red de enmalle fija marina;1;1
Gaira_Red de enmalle de encierro marina;2;3
Gaira_Chinchorro de jala playa;4;9
Caño Lobo_Recolección manual de ostra;1;1
Ica-Copipa_Línea de mano correteo curricán o trolling;1;2
Puerto de los Jhonsons (Puerto Boyacá)_Palangre calandrio;1;3
Puerto de los Jhonsons (Puerto Boyacá)_Atarraya;1;2
Caño Lobo_Buceo de caracol;1;1
Ica-Copipa_Red de enmalle fija marina;1;3
Caño Lobo_Atarraya;1;2
Puerto Asure_Línea de mano;1;2
Puerto Asure_Red de enmalle fija continental;1;2
Puerto Serviez_Red de enmalle de deriva continental;2;3
Gaira_Línea de mano;1;2
Puerto Serviez_Atarraya;2;2
Gaira_Línea de mano correteo curricán o trolling;1;1
La Playa (El Banco)_Red de enmalle de deriva continental;1;2
Arrimadero La Unión_Palangre o espinel de fondo;2;6
Bahía de Cispatá_Arpón;1;2
Caño Lobo_Línea de mano;1;1
Gaira_Red de enmalle fija marina;1;3
Puerto Amor_Red de enmalle fija continental;1;2
Villanueva_Línea de mano;2;2
Morrosquillo_Buceo de peces;1;2
Puerto Chucha_Atarraya;1;2
La Playa (El Banco)_Chinchorra;2;2
Nueva Colonia_Red de enmalle fija marina;2;3
Las Tenazas_Palangre o espinel de fondo;1;2
Las Tenazas_Línea de mano;1;2
Jegua_Red de enmalle fija continental;1;2
Puerto Chucha_Red de enmalle de encierro marina;2;3
Jegua_Atarraya;1;2
La Boquilla_Red de enmalle fija marina;1;2
La Boquilla_Chinchorro marino;9;16
Bazurto_Línea de mano;1;3
Bazurto_Red de enmalle fija marina;1;3
Robles_Atarraya;1;2
Playa Necoclí_Red de enmalle de encierro marina;6;8
Pasacaballos_Atarraya;1;2
Zapata_Red de enmalle fija marina;2;3
Pasacaballos_Línea de mano;1;2
Pasacaballos_Palangre o espinel de fondo;1;1
Palo Alto_Atarraya;2;2
Loma - San Sebastián_Atarraya;1;2
Caño Lobo_Recolección manual de chipi chipi;1;1
Caño Lobo_Nasa de jaibas;1;1
El Ferry_Red de enmalle fija continental ciénaga;1;2
El Ferry_Red de enmalle de deriva continental;1;2
El Ferry_Chinchorra;1;2
Taganga_Chinchorro velao;10;15
Taganga_Buceo de peces;6;6
Taganga_Línea de mano;1;2
Taganga_Red de enmalle fija marina;3;6
Puerto de los Jhonsons (Puerto Boyacá)_Chinchorro continental;3;5
Aparca_Atarraya;2;2
Puerto Colorado_Chinchorro continental;2;3
Puerto Serviez_Palangre calandrio;1;2
Puerto Serviez_Chinchorro continental;3;4
La Ceiba_Red de enmalle fija continental;1;2
La Ceiba_Atarraya;1;2
Caño Lobo_Arpón;1;1
Caño Lobo_Palangre o espinel de fondo;1;1
El Bijagual El Trébol_Red de enmalle fija continental ciénaga;1;2
El Bijagual El Trébol_Chinchorra;1;2
Manaure Centro_Red de enmalle de encierro marina;5;6
San Nicolás (Nechí)_Chinchorro continental;2;4
Puente Chambacú - Río Jella_Palangre o espinel de fondo;2;4
Puerto Pozuelo - La Rinconada_Red de enmalle fija continental;1;2
El Llanito_Atarraya;2;2
El Llanito_Palangre calandrio;2;2
Puerto Barrio Hachazo_Red de enmalle fija continental;2;2
Puerto Barrio El Progreso_Chinchorro continental;2;2
La Rampa (Barrancabermeja)_Atarraya;2;5
La Rampa (Barrancabermeja)_Chinchorro continental;3;6
El Bijagual El Trébol_Chinchorro continental;5;7
El Bijagual El Trébol_Nasas de Peces;2;3
La Rampa (Barrancabermeja)_Red de enmalle de deriva continental;3;5
Nueva Colonia_Flecha;2;2
La Playa (El Banco)_Nasas de Peces;3;4
La Playa (Turbo)_Red de enmalle fija marina;1;2
Real_Red de enmalle fija continental ciénaga;1;2
Real_Chinchorra;1;4
Puerto Boquillas_Red de enmalle fija continental;1;2
Puerto Barrio El Progreso_Atarraya;2;2
Manaure Centro_Red de enmalle de deriva marina;2;4
San Nicolás (Santa Cruz De Mompox)_Red de enmalle fija continental;1;2
Bahía de Santa Marta_Línea de mano;1;2
Bahía de Cispatá_Nasa de jaibas;1;1
Bahía de Santa Marta_Nasas de Peces;1;1
Desembarcadero (Juradó)_Red de enmalle fija marina;2;3
Bahía de Santa Marta_Línea de mano correteo curricán o trolling;1;2
Macurutú - Saloa_Red de enmalle fija continental ciénaga;1;2
Desembarcadero (Juradó)_Línea de mano;2;2
Macurutú - Saloa_Atarraya;2;2
La Mata_Nasas de Peces;1;2
La Mata_Red de enmalle fija continental ciénaga;1;2
Playa Necoclí_Red de enmalle camaronera;1;1
Bellavista_Chinchorro de jala playa;7;10
Bellavista_Línea de mano correteo curricán o trolling;1;2
Bahía de Santa Marta_Red de enmalle fija marina;2;3
Piedras Blancas_Buceo marino mixto;3;6
Jodedor_Red de enmalle fija marina;2;3
Jodedor_Red de enmalle de deriva marina;2;2
Villa Fátima_Red de enmalle de deriva marina;2;4
Villa Fátima_Red de enmalle de encierro marina;4;5
Jodedor_Línea de mano;2;3
El Riito_Red de enmalle de encierro marina;4;5
Los Cocos_Red de enmalle de encierro marina;4;5
La T_Red de enmalle de encierro marina;4;4
La T_Nasas de Peces;2;4
La Boquilla_Atarraya;1;1
Manaure Abajo_Red de enmalle de encierro marina;5;6
Manaure Abajo_Red de enmalle de deriva marina;3;4
Las Flores_Red de enmalle de deriva marina;5;6
El Uno_Red de enmalle fija marina;2;2
Manaure Abajo_Palangre o espinel de fondo;2;3
El Uno_Palangre o espinel de fondo;2;2
Morrosquillo_Línea de mano correteo curricán o trolling;1;2
Las Flores_Línea de mano cometa;1;1
Gaira_Palangre o espinel de fondo;1;2
Bocanegra_Atarraya;1;2
Arrimadero La Unión_Línea de mano;1;3
San Nicolás (Nechí)_Línea de mano;1;2
Puerto Arriba (Dibulla)_Red de enmalle de encierro marina;4;5
Puerto Arriba (Dibulla)_Chinchorro camaronero;5;6
Ica-Copipa_Línea de mano;1;2
Puerto Amor_Línea de mano;1;2
Puerto Arriba (Dibulla)_Nasas de Peces;2;4
Puerto Colorado_Línea de mano;1;2
Barrio Abajo (Ciénaga)_Red de enmalle de encierro marina;5;5
El Llanito_Red de enmalle fija continental;2;3
Buenavista (La Dorada)_Línea de mano;1;2
Jodedor_Red de enmalle de encierro marina;3;4
Bahía de Cispatá_Buceo de peces;2;4
Taganga_Ballestilla/Palangre parguera;5;5
Playa Pescadores - Capurganá_Línea de mano;1;3
Arrimadero La Unión_Red de enmalle fija marina;2;3
Puerto Arriba (Dibulla)_Red de enmalle fija marina;2;3
Puerto Chaparro_Línea de mano;1;2
Bahía de Santa Marta_Buceo de peces;1;1
Bellavista_Línea de mano;1;2
Barrio Abajo (Ciénaga)_Palangre o espinel de fondo;2;4
El Riito_Red de enmalle de deriva marina;2;4
El Puente_Nasas de Peces;1;2
Caño Grande_Palangre o espinel de fondo;1;1
Bahía de Santa Marta_Chinchorro de jala playa;5;10
Bellavista_Palangre o espinel de fondo;2;2
Jegua_Palangre calandrio;1;1
Puerto Playa - Capurganá_Línea de mano;1;2
Belén (San Marcos)_Red de encierro rastra;3;4
Tajamar Occidental_Red de enmalle de deriva marina;1;5
Puerto Chaparro_Nasas de Peces;1;3
Puente Chambacú - Río Jella_Línea de mano correteo curricán o trolling;2;3
La Playa (Turbo)_Arpón;2;5
Caño Lobo_Buceo de peces;1;1
Mamón_Atarraya;1;1
Zapata_Red de enmalle camaronera;2;3
Taganga_Línea de mano - Ballestilla;2;4
La Boquilla_Línea de mano;2;3
Puerto Asure_Nasas de Peces;1;2
Villa Fátima_Buceo marino mixto;2;2
Villanueva_Línea de mano correteo curricán o trolling;1;2
Villanueva_Red de enmalle fija marina;2;2
El Llanito_Red de enmalle de deriva continental;2;2
La Rampa (Barrancabermeja)_Palangre calandrio;2;3
Buenavista (La Dorada)_Chinchorro continental;3;4
La Rampa (Barrancabermeja)_Línea de mano;2;2
Piedras Blancas_Red de enmalle de encierro marina;4;5
Puerto Arango_Atarraya;2;2
El Riito_Palangre o espinel de fondo;3;4
Puerto Caracolí_Red de enmalle de deriva continental;3;3
El Puente_Red de enmalle fija continental;1;2
Tasajera La Playa_Red de enmalle de encierro marina;5;5
Gaira_Nasas de Peces;2;2
Puerto Asure_Atarraya;1;2
Palo Alto_Nasas de Peces;1;1
Puerto Arriba (Dibulla)_Palangre o espinel de fondo;2;3
Las Tenazas_Buceo marino mixto;1;3
Taganga_Nasas de Peces;3;6
Casino_Buceo de peces;1;1
La Ceiba_Palangre calandrio;1;1
Palo Alto_Red de encierro rastra;3;4
Villanueva_Arpón;2;2
Bahía de Cispatá_Red de arrastre artesanal o changa;2;2
Zapata_Arpón;2;3
Ica-Copipa_Arpón;2;3
Puerto Chaparro_Chinchorro continental;3;4
Caño Lobo_Red de enmalle de encierro marina;2;2
La T_Red de enmalle de deriva marina;2;2
El Puente_Palangre calandrio;2;2
Arroyito_Atarraya;1;1
Arroyito_Línea de mano;1;2
Arroyito_Línea de mano correteo curricán o trolling;1;2
Bocanegra_Red de enmalle fija continental;1;2
Arroyito_Palangre o espinel de fondo;1;3
Puerto Pozuelo - La Rinconada_Red de enmalle de deriva continental;1;1
Ica-Copipa_Atarraya;1;1
Bahía de Santa Marta_Buceo marino mixto;1;1
Zapata_Palangre o espinel de fondo;2;4
Real_Atarraya;1;2
Caño Grande_Red de enmalle fija marina;1;1
La Playa (El Banco)_Chinchorro continental;5;6
La Playa (El Banco)_Red de enmalle fija continental ciénaga;1;2
El Ferry_Red de enmalle fija continental río;1;2
Puerto Caracolí_Palangre calandrio;1;2
Puerto Chucha_Palangre o espinel de fondo;1;3
Taganga_Palangre o espinel de fondo;2;3
La Playa (El Banco)_Atarraya;1;1
Bazurto_Red de enmalle de deriva marina;2;2
San Nicolás (Santa Cruz De Mompox)_Línea de mano;1;2
La T_Palangre o espinel de fondo;2;3
Cerro del Rosario_Nasas de Peces;2;2
Las Tenazas_Chinchorro marino;11;15
Tajamar Occidental_Línea de mano cometa;1;1
Tajamar Occidental_Línea de mano;1;1
Playa Necoclí_Red de enmalle fija marina campaña;2;3
Puerto Boquillas_Chinchorro continental;2;3
Las Flores_Línea de mano;1;1
La Boquilla_Palangre o espinel de fondo;1;2
Puerto Chucha_Línea de mano;1;3
La Mata_Chinchorra;2;4
Macurutú - Saloa_Palangre calandrio;1;1
Macurutú - Saloa_Chinchorra;3;4
Playa Necoclí_Palangre o espinel de fondo;3;4
Real_Palangre calandrio;1;1
Nueva Colonia_Palangre o espinel de fondo;2;3
Barrio Pambelé_Red de enmalle de encierro marina;6;7
Barrio Pambelé_Línea de mano;2;4
Playa Necoclí_Arpón;2;2
Pasacaballos_Red de enmalle fija marina;1;2
Playa Arboletes_Red de enmalle fija marina;1;3
Playa Arboletes_Palangre o espinel de fondo;2;2
Barrio Pambelé_Red de enmalle camaronera;2;3
El Pasito_Línea de mano;2;2
El Pasito_Red de enmalle fija marina;2;2
Puerto Boquillas_Línea de mano;2;2
Caño Grande_Red de enmalle de encierro marina;5;6
Pasacaballos_Buceo de caracol;1;2
Lamas_Atarraya;1;2
Playa Arboletes_Red de enmalle camaronera;1;2
Las Delicias_Red de enmalle de encierro marina;4;5
Las Delicias_Red de enmalle fija marina;1;2
Las Delicias_Buceo marino mixto;2;5
Rincón del Mar_Buceo marino mixto;1;4
Rincón del Mar_Línea de mano;1;3
Barrio La Unión_Red de enmalle fija marina;2;3
Puerto Velero_Línea de mano;3;5
Puerto Velero_Red de enmalle de encierro marina;2;3
Puerto Abajo (Dibulla)_Chinchorro camaronero;6;6
Puerto Abajo (Dibulla)_Red de enmalle de encierro marina;4;5
Barrio Pambelé_Arpón;2;2
La T_Buceo marino mixto;3;3
Buritaca_Red de enmalle fija marina;2;3
Buritaca_Atarraya;1;1
Barrio La Unión_Línea de mano;1;2
Barrio La Unión_Palangre o espinel de fondo;2;3
Puerto Abajo (Dibulla)_Red de enmalle fija marina;2;3
Rincón del Mar_Red de enmalle de encierro continental;1;3
Las Delicias_Línea de mano;2;3
Barrio Pambelé_Red de enmalle fija marina;1;3
Puerto Arriba (Dibulla)_Línea de mano;3;3
Puerto Colombia_Palangre o espinel de fondo;3;5
Puerto Colombia_Línea de mano;1;2
Puerto Colombia_Red de enmalle de encierro marina;7;7
Puerto Colombia_Chinchorro de jala playa;16;24
Buritaca_Nasas de Peces;3;5
Buritaca_Chinchorro de jala playa;17;24
Buritaca_Palangre o espinel de fondo;3;4
Puerto Abajo (Dibulla)_Palangre o espinel de fondo;2;3
Desembarcadero (Juradó)_Red de enmalle fija continental;2;2
Buritaca_Línea de mano;2;3
Pasacaballos_Buceo marino mixto;1;2
Barrio La Unión_Atarraya;2;2
Robles_Buceo de peces;1;3
Las Delicias_Palangre o espinel de fondo;2;3
Puerto Abajo (Dibulla)_Nasas de Peces;3;4
Puerto Colombia_Línea de mano cometa;1;1
Puerto Velero_Nasas de Peces;3;4
El Llanito_Línea de mano;2;2
Puerto Velero_Palangre o espinel de fondo;2;3
Puerto Velero_Atarraya;1;1
Casino_Atarraya;1;2
Puerto Boquillas_Atarraya;1;2
Playa Arboletes_Línea de mano;1;3
Puerto Abajo (Dibulla)_Línea de mano;2;3
Gaira_Atarraya;1;2
Puerto Pozuelo - La Rinconada_Línea de mano;1;1
Macurutú - Saloa_Nasas de Peces;2;2
Santiago Apóstol_Palangre calandrio;1;1
Bocanegra_Red de enmalle de encierro marina;1;2
Buritaca_Línea de mano correteo curricán o trolling;2;2
Jegua_Red de enmalle de deriva continental;1;2
Las Delicias_Red de enmalle chuchera;2;2
Puerto Asure_Red de enmalle de deriva continental;1;2
Las Flores_Palangre o espinel de fondo;3;5
Puerto Colombia_Atarraya;1;1
Puerto Chucha_Línea de mano correteo curricán o trolling;3;3
Barrio La Unión_Red de enmalle langostera;2;3
Buritaca_Red de enmalle de encierro marina;4;5
Tajamar Occidental_Chinchorro marino;6;6
El Pasito_Red de enmalle de deriva marina;2;2
Playa Arboletes_Red de enmalle de encierro marina;6;6
Puerto Amor_Red de enmalle de deriva continental;1;2
Las Tenazas_Red de enmalle fija marina;1;1
Las Delicias_Buceo de langosta;2;4
San Nicolás (Santa Cruz De Mompox)_Chinchorro continental;2;4
Damaquiel_Red de enmalle fija marina;2;3
Uveros_Red de enmalle fija marina;1;3
Puerto Asure_Palangre calandrio;1;2
Puerto Pozuelo - La Rinconada_Palangre calandrio;1;2
Puerto El Waffe marino_Red de enmalle fija marina;2;3
Puerto El Waffe marino_Flecha;2;2
Rincón del Mar_Red de enmalle de encierro marina;1;4
La Mata_Palangre calandrio;1;1
La Peinada_Atarraya;1;2
Armenia_Red de enmalle fija continental;1;2
Los Tendales_Red de enmalle fija continental;2;2
Lamas_Red de enmalle fija continental;1;2
Belén (El Banco)_Palangre calandrio;1;2
Belén (El Banco)_Red de enmalle fija continental ciénaga;1;2
Puerto las Marías  Real del Obispo_Atarraya;2;2
Puerto las Marías  Real del Obispo_Red de enmalle fija continental;2;2
Puerto La Candelaria_Red de enmalle fija continental;1;2
Guazo_Red de enmalle fija continental;1;2
Guazo_Palangre calandrio;1;1
Villa Venecia_Red de enmalle fija continental;1;2
Puerto La Candelaria_Atarraya;1;2
Villa Venecia_Atarraya;1;2
Puerto del Cerrito_Red de enmalle fija continental ciénaga;1;2
Puerto Ciénaga de Paredes_Red de enmalle fija continental;1;2
Puerto Montecristo_Red de enmalle fija continental;1;2
Puerto Montecristo_Atarraya;1;2
Orejero_Red de enmalle fija continental;1;2
La Peinada_Red de enmalle fija continental;1;2
Méjico_Chinchorro continental;2;2
Méjico_Palangre calandrio;1;2
Méjico_Red de enmalle fija continental;1;2
Playa Totumo_Red de enmalle fija marina;2;2
Playa Totumo_Red de enmalle camaronera;1;2
Playa Totumo_Línea de mano;1;2
Berrugas_Red de enmalle de encierro marina;4;5
Chapundun_Red de enmalle fija continental;1;2
Chapinero_Atarraya;2;2
Chapundun_Línea de mano;1;2
Berrugas_Buceo de peces;1;2
El Toro_Red de enmalle fija continental;1;2
Chapinero_Línea de mano;1;2
Berrugas_Chinchorro marino;10;20
Bocas del Atrato_Red de enmalle fija marina;1;2
Bocas del Atrato_Flecha;1;2
Bocas del Atrato_Buceo de peces;2;3
Palomino_Red de enmalle fija continental;2;2
Chapundun_Atarraya;1;2
Chapinero_Red de enmalle fija continental;2;2
Bocas del Atrato_Palangre o espinel de fondo;1;2
El Roto_Red de enmalle fija marina;1;3
Lamas_Línea de mano;1;1
Puerto Bello_Red de enmalle fija continental;2;2
Nueva Estrella_Red de enmalle fija continental;1;2
Lomita Arena_Atarraya;2;2
Lomita Arena_Red de enmalle fija marina;2;4
Casco urbano Roma_Red de enmalle fija continental;1;2
Casco urbano Roma_Atarraya;1;1
San José_Red de enmalle fija continental;1;2
San José_Atarraya;1;2
Méjico_Atarraya;1;2
Villanueva_Red de enmalle fija continental;1;2
Méjico_Red de enmalle de deriva continental;1;2
Carrizal_Red de enmalle fija marina;3;7
Guacamayo_Red de enmalle fija continental;1;2
Cecilia_Red de enmalle fija continental;1;2
Cecilia_Atarraya;1;2
Cecilia_Línea de mano;1;2
Bocas de Seheve_Atarraya;2;2
Bocas de Seheve_Línea de mano;1;1
Bocas de Seheve_Red de enmalle fija continental;1;2
Carrizal_Nasas de Peces;3;5
Carrizal_Buceo marino mixto;4;14
Concepción - Tacamocho_Chinchorra;3;5
Carrizal_Red de arrastre artesanal a la pareja;3;4
Santa Clara_Red de enmalle fija continental;1;2
Concepción - Tacamocho_Red de enmalle fija continental;1;2
Villanueva_Red de enmalle de deriva continental;1;2
San Sebastian_Red de enmalle fija marina;1;2
Armenia_Nasas de Peces;2;3
Santa Clara_Atarraya;2;2
Berrugas_Línea de mano;1;2
Aipir_Red de enmalle fija marina;3;10
Cabo de la Vela_Red de enmalle fija marina;2;4
Santa Clara_Palangre calandrio;1;1
Cispataca_Red de enmalle fija continental;1;2
Guacamayo_Palangre calandrio;1;2
Barrio La Unión_Aros;2;2
Puerto de Bolombolo_Palangre calandrio;1;2
Puerto de Bolombolo_Atarraya;2;2
Cispataca_Atarraya;1;2
Ciénaga de Mesolandia_Red de enmalle fija continental;1;2
Ciénaga de Mesolandia_Atarraya;1;3
San Luis_Red de enmalle fija continental;1;2
Los Tendales_Atarraya;2;2
Puerto el Doce_Red de enmalle fija continental;2;2
Puerto el Doce_Línea de mano;1;2
Nueva Estrella_Red de enmalle de deriva continental;1;1
Nueva Estrella_Atarraya;1;2
Palanca_Red de enmalle fija continental;1;2
Nueva Estrella_Palangre calandrio;1;2
Palanca_Red de enmalle de deriva continental;1;2
Puerto el Doce_Atarraya;1;2
Campo alegre_Red de enmalle fija continental;1;2
Villanueva_Atarraya;1;2
Palanca_Chinchorro continental;2;4
Palanca_Palangre calandrio;1;2
Palomar_Red de enmalle fija continental;1;2
Concepción - Tacamocho_Línea de mano;1;2
Palomar_Palangre calandrio;1;2
Palanca_Atarraya;1;2
Manaure Abajo_Línea de mano;3;4
Palomar_Atarraya;1;2
Vida Tranquila_Red de enmalle fija continental;1;2
Vida Tranquila_Palangre calandrio;1;2
Vida Tranquila_Flecha;2;2
Vida Tranquila_Atarraya;1;2
Santa Rosa_Red de enmalle de deriva marina;2;3
Barrio Chino_Chinchorro continental;3;4
Barrio Chino_Red de enmalle fija continental;1;2
Barrio Chino_Palangre calandrio;1;2
Barrio Chino_Atarraya;1;2
Tierra Santa_Red de enmalle fija continental;1;2
Tierra Santa_Atarraya;1;2
El Pájaro_Red de enmalle de deriva marina;2;2
El Pájaro_Red de enmalle fija marina;2;3
El Pájaro_Red de enmalle chuchera;2;2
Mayapo_Red de enmalle fija marina;2;3
Mayapo_Buceo marino mixto;2;4
Mayapo_Palangre o espinel de fondo;2;3
Lomita Arena_Línea de mano;1;3
Palanca_Línea de mano;1;2
Palomar_Línea de mano;1;2
Mantequera_Red de enmalle fija continental;1;2
Mantequera_Palangre calandrio;1;2
Mayapo_Buceo de langosta;2;3
Concepción - Tacamocho_Atarraya;1;2
Puerto Amor_Palangre calandrio;1;2
Rincón_Buceo de peces;2;2
Manaure Centro_Buceo de peces;4;4
Damaquiel_Atarraya;1;1
San Nicolás (Santa Cruz De Mompox)_Palangre calandrio;1;2
Cabo de la Vela_Red de enmalle de deriva marina;2;3
Lomita Arena_Chinchorro marino;10;17
Santa Rosa_Nasas de Peces;3;3
Guacamayo_Atarraya;1;2
Barrio Chino_Línea de mano;1;2
Piedras Blancas_Nasas de Peces;4;7
Puerto del Cerrito_Palangre calandrio;2;2
Piedras Blancas_Buceo de langosta;2;4
Lamas_Buceo de peces;1;2
Belén (El Banco)_Chinchorro continental;3;4
Casco urbano Roma_Nasas de Peces;1;1
Puerto Amor_Atarraya;1;2
Santa Clara_Red de enmalle de deriva continental;1;2
Santa Rosa_Buceo marino mixto;3;6
Aipir_Red de enmalle de encierro marina;4;10
Villanueva_Palangre calandrio;1;1
Cabo de la Vela_Red de enmalle chuchera;2;3
Cispataca_Nasas de Peces;1;2
Piedras Blancas_Red de enmalle de deriva marina;3;3
Tierra Santa_Red de enmalle de deriva continental;2;2
Poportín_Red de enmalle fija marina;2;3
Poportín_Buceo marino mixto;4;9
Puerto La Candelaria_Chinchorro continental;1;3
Lomita Arena_Red de enmalle de encierro marina;4;5
Caño Grande_Línea de mano;1;1
Barrio Chino_Red de enmalle de deriva continental;1;2
San Sebastian_Atarraya;1;2
Guacamayo_Chinchorro continental;2;5
Puerto Boquillas_Palangre calandrio;1;2
Jodedor_Palangre o espinel de fondo;3;3
El Toro_Atarraya;2;2
Bahía de Santa Marta_Línea de mano - Ballestilla;2;4
Mayapo_Línea de mano;2;3
San José_Nasas de Peces;1;2
Casino_Línea de mano correteo curricán o trolling;2;3
Puerto del Cerrito_Chinchorro continental;2;4
Macurutú - Saloa_Chinchorro continental;4;6
Bahía de Santa Marta_Palangre o espinel de fondo;1;2
Orejero_Atarraya;2;2
Puerto Montecristo_Palangre calandrio;1;1
Campo alegre_Atarraya;1;2
Orejero_Palangre calandrio;1;2
Damaquiel_Palangre o espinel de fondo;2;3
Mantequera_Atarraya;1;2
San Sebastian_Línea de mano;1;1
Cispataca_Palangre calandrio;2;2
Lomita Arena_Buceo de peces;3;5
Playa Totumo_Palangre o espinel de fondo;2;2
Guazo_Nasas de Peces;3;5
Puerto La Candelaria_Red de enmalle de deriva continental;1;2
Villanueva_Nasas de Peces;1;1
Santa Clara_Chinchorro continental;2;3
Palomar_Red de enmalle de deriva continental;1;2
Bocas de Seheve_Red de enmalle de deriva continental;2;4
Cecilia_Red de enmalle de deriva continental;1;2
Villa Venecia_Red de enmalle de encierro continental;2;2
Villa Venecia_Buceo de peces;1;2
Nueva Estrella_Red de enmalle de encierro continental;2;4
Lamas_Red de enmalle de encierro continental;2;2
Cispataca_Red de enmalle de deriva continental;1;2
San Nicolás (Santa Cruz De Mompox)_Atarraya;1;2
Guacamayo_Red de enmalle de deriva continental;2;2
San José_Red de encierro chuchaca;4;4
Tapegua_Red de enmalle fija continental;2;2
Tapegua_Atarraya;2;2
Arquimedes_Atarraya;1;2
Arquimedes_Línea de mano;1;2
El Valle_Palangre o espinel de fondo;1;3
Plaza de mercado (La Dorada)_Chinchorro continental;4;4
El Valle_Línea de mano;1;3
Yaguará_Red de enmalle fija continental;1;2
Yaguará_Atarraya;1;2
Yaguará_Chinchorro continental;1;3
Mulatos_Red de enmalle fija marina;2;3
Locadía_Atarraya;1;1
Locadía_Línea de mano;1;2
Codis_Red de enmalle fija marina;1;3
Codis_Línea de mano;1;2
San José_Chinchorra;3;9
Plaza de mercado (La Dorada)_Palangre calandrio;1;2
Puerto del Cerrito_Red de enmalle de deriva continental;2;2
Champaché_Red de enmalle fija marina;1;2
Champaché_Atarraya;2;2
Champaché_Línea de mano;1;2
La Punta_Red de enmalle fija marina;1;2
La Punta_Línea de mano;1;1
La Punta_Buceo de caracol;1;2
La Punta_Palangre o espinel de fondo;1;2
Puerto Chaparro_Red de enmalle de encierro continental;2;4
Belén (San Marcos)_Chinchorra;3;4
San Luis_Atarraya;1;1
Carrizal_Línea de mano;11;11
Marralú_Arpón;3;3
Mantequera_Red de enmalle de deriva continental;1;2
Pesquera Aspabab_Palangre o espinel de fondo;1;3
Pesquera Aspabab_Red de enmalle de deriva continental;2;2
El Malecón (Neiva)_Atarraya;2;2
Puerto Maco/Puerto Momico_Red de enmalle fija continental;1;2
Puerto Maco/Puerto Momico_Línea de mano;1;2
Puerto Maco/Puerto Momico_Atarraya;1;2
Mercado (Lorica)_Atarraya;1;2
Pizarro_Red de enmalle de deriva continental;1;2
Buenavista (La Dorada)_Red de enmalle de encierro continental;4;5
Puerto de las Canoas (Puerto Berrío)_Atarraya;1;8
Puerto de las Canoas (Puerto Berrío)_Chinchorro continental;4;10
Plaza de mercado (La Dorada)_Atarraya;1;4
Mercado (Lorica)_Red de enmalle fija continental;1;4
Pizarro_Palangre o espinel de fondo;1;4
Honda_Atarraya;1;2
Honda_Línea de mano;1;1
Cispataca_Chinchorro continental;2;6
Villanueva_Chinchorro continental;2;5
La Gloria_Chinchorro continental;4;4
Palomar_Chinchorro continental;2;4
Mamón_Red de enmalle de encierro continental;2;2
Pizarro_Red de enmalle fija marina;2;3
Margento_Chinchorro continental;2;2
Margento_Atarraya;1;2
Margento_Línea de mano;1;2
Margento_Red de enmalle fija continental;1;2
Mercado (Lorica)_Buceo de peces;2;2
Mantequera_Chinchorro continental;2;4
Santa Clara_Flecha;2;3
Puerto de las Canoas (Puerto Berrío)_Palangre calandrio;1;4
La Gloria_Red de enmalle de encierro continental;2;4
La Gloria_Nasas de Peces;1;3
Vida Tranquila_Red de enmalle de deriva continental;2;2
Pizarro_Red de enmalle de deriva marina;1;3
Plaza de mercado (La Dorada)_Red de enmalle de deriva continental;3;4
Locadía_Red de enmalle fija marina;1;1
Vida Tranquila_Chinchorro continental;1;4
Pesquera Aspabab_Red de enmalle fija marina;1;3
La Gloria_Atarraya;2;4
Plaza de mercado (Puerto Boyacá)_Chinchorro continental;2;4
El Muelle (Barrancabermeja)_Red de enmalle de deriva continental;3;5
El Muelle (Barrancabermeja)_Atarraya;2;5
El Muelle (Barrancabermeja)_Palangre calandrio;2;4
Manaure Centro_Buceo marino mixto;3;3
Pesquera Aspabab_Red de enmalle camaronera;1;2
Pizarro_Red de enmalle camaronera;1;3
Yaguará_Arpón;1;2
La Mata_Chinchorro continental;5;7
Puerto del Cerrito_Nasas de Peces;2;2
Puerto Serviez_Red de enmalle fija continental;1;2
El Muelle (Barrancabermeja)_Chinchorro continental;3;6
El Valle_Línea de mano correteo curricán o trolling;1;1
Pesquera Aspabab_Red de enmalle de deriva marina;1;3
Guazo_Atarraya;1;2
Guazo_Chinchorro continental;2;6
Guazo_Línea de mano;1;1
Nueva Estrella_Chinchorro continental;4;4
Puerto de las Canoas (Puerto Berrío)_Chinchorra;3;10
Popoya Playa_Red de enmalle fija marina;2;2
Plaza de mercado (La Dorada)_Nasas de Peces;1;1
Puerto de las Canoas (Puerto Berrío)_Nasas de Peces;2;3
Mayapo_Red de enmalle de encierro marina;3;5
Desembarcadero (Supía)_Atarraya;1;1
Loma - San Sebastián_Red de encierro rastra;2;2
Cabo de la Vela_Nasas de Peces;2;4
Plaza de mercado (Puerto Boyacá)_Palangre calandrio;2;3
Mercado (Lorica)_Palangre calandrio;1;2
Mercado (Lorica)_Línea de mano;1;2
Agropez_Red de enmalle fija marina;2;2
Agropez_Atarraya;2;2
Concepción - Tacamocho_Palangre calandrio;1;2
Agropez_Línea de mano;2;3
Jodedor_Buceo de langosta;5;7
Honda_Nasas de Peces;1;1
Plaza de mercado (Puerto Boyacá)_Atarraya;1;2
Cabo de la Vela_Palangre o espinel de fondo;2;4
Honda_Cóngolo;1;1
Puerto de las Canoas (Puerto Berrío)_Red de enmalle de deriva continental;3;7
La Gloria_Palangre calandrio;1;2
La Gloria_Red de enmalle fija continental;1;2
Arquimedes_Red de enmalle fija marina;1;1
Bocas de Seheve_Palangre calandrio;1;2
Marralú_Flecha;3;3
Uveros_Red de enmalle camaronera;2;3
Damaquiel_Red de enmalle camaronera;2;3
Puerto Chaparro_Cóngolo;1;2
La Gloria_Línea de mano;1;4
Honda_Palangre calandrio;1;1
El Llanito_Arpón;2;2
Puerto Serviez_Atarraya rastra;3;4
Plaza de mercado (La Dorada)_Chinchorra;3;4
El Muelle (Barrancabermeja)_Chinchorra;3;6
El Muelle (Barrancabermeja)_Atarraya rastra;4;6
Puerto Serviez_Chinchorra;3;3
La Rampa (Barrancabermeja)_Chinchorra;4;6
Muelle Pescadores (Puerto Boyacá)_Chinchorra;2;4
Plaza de mercado (Puerto Boyacá)_Chinchorra;3;3
La Gloria_Chinchorra;4;4
Pantuuchitu_Red de enmalle fija marina;2;3
Pantuuchitu_Nasas de Peces;2;4
Buenavista (La Dorada)_Atarraya rastra;4;5
Puerto de los Jhonsons (Puerto Boyacá)_Chinchorra;2;4
Puerto de las Canoas (Puerto Berrío)_Atarraya rastra;5;8
Yaguará_Chinchorra;2;3
Lomita Arena_Palangre o espinel de fondo;2;5
Cecilia_Palangre calandrio;1;2
Carrizal_Nasa de langostas;3;6
La Gloria_Red de enmalle de deriva continental;2;4
La Mata_Atarraya;1;2
Buenavista (La Dorada)_Chinchorra;3;4
Mulatos_Palangre o espinel de fondo;2;2
El Roto_Palangre o espinel de fondo;2;2
Puerto Asure_Chinchorra;2;4
El Pájaro_Buceo marino mixto;2;3
Guazo_Red de enmalle de deriva continental;1;2
Puerto Amor_Chinchorra;2;3
Playa Necoclí_Línea de mano;2;3
Lomita Arena_Red de enmalle de deriva marina;3;3
El Valle_Palangre o espinel de superficie;2;3
Puerto de las Canoas (Puerto Berrío)_Red de enmalle de encierro continental;7;7
Puerto Maco/Puerto Momico_Palangre calandrio;1;1
Méjico_Línea de mano;1;2
Belén (El Banco)_Nasas de Peces;2;3
La Playa (El Banco)_Red de enmalle fija continental río;2;2
Mayapo_Nasas de Peces;2;3
Villanueva_Red de enmalle de encierro continental;4;5
Nueva Colonia_Buceo de peces;3;5
El Muelle (Barrancabermeja)_Línea de mano;3;3
Bocas del Atrato_Arpón;2;2
Bocas del Atrato_Atarraya;2;2
Margento_Red de enmalle de deriva continental;2;2
Puerto Amor_Gaviota;3;4
Cispataca_Red de enmalle de encierro continental;3;4
Pantuuchitu_Palangre o espinel de fondo;4;4
El Piñal_Red de enmalle camaronera;8;8
Pueblo Nuevo_Red de enmalle camaronera;2;2
Pueblo Nuevo_Red de enmalle de deriva marina;2;4
Manaure Centro_Palangre o espinel de fondo;3;3
Arrimadero La Unión_Línea de mano fija marina;1;3
Champaché_Línea de mano fija marina;1;2
El Valle_Línea de mano fija marina;1;3
Caño Lobo_Línea de mano fija marina;1;1
Arroyito_Línea de mano fija marina;1;2
Morrosquillo_Línea de mano fija marina;1;2
Bahía de Santa Marta_Línea de mano fija marina;1;2
Berrugas_Línea de mano fija marina;1;2
Arquimedes_Línea de mano fija marina;1;2
La Punta_Línea de mano fija marina;1;2
Buenavista (La Dorada)_Línea de mano fija continental;1;2
Locadía_Línea de mano fija marina;1;2
Casino_Línea de mano fija marina;1;3
Puente Chambacú - Río Jella_Línea de mano fija marina;2;3
Playa Pescadores - Capurganá_Línea de mano fija marina;1;3
Bellavista_Línea de mano fija marina;1;2
Agropez_Línea de mano fija marina;2;2
Codis_Línea de mano fija marina;1;2
Bocanegra_Red de enmalle de deriva marina;2;3
Bahía de Cispatá_Línea de mano fija marina;1;2
Rincón del Mar_Línea de mano fija marina;1;2
San José_Red de encierro rastra;2;3
Manaure Abajo_Red de enmalle fija marina;3;3
Guazo_Línea de mano fija continental;1;1
Manaure Centro_Red de enmalle fija marina;3;3
Puerto Playa - Capurganá_Línea de mano fija marina;1;3
Margento_Línea de mano fija continental;1;2
Puerto Colorado_Línea de mano fija continental;1;2
Méjico_Línea de mano fija continental;1;2
Chapundun_Línea de mano fija continental;1;2
Barrio Chino_Línea de mano fija continental;1;1
Palomar_Línea de mano fija continental;1;2
Loma - San Sebastián_Red de enmalle de encierro continental;1;2
Honda_Línea de mano fija continental;1;2
San Nicolás (Nechí)_Línea de mano fija continental;1;2
Las Tenazas_Línea de mano fija marina;1;2
Villa Fátima_Palangre o espinel de fondo;2;3
Puerto Miraflores_Línea de mano fija marina;1;2
Cangrejito_Red de enmalle fija marina;1;2
Cangrejito_Palangre o espinel de fondo;1;4
Mercado (Lorica)_Línea de mano fija continental;1;2
Candelaria (Chimichagua)_Red de enmalle fija continental ciénaga;1;2
Candelaria (Chimichagua)_Chinchorra;2;3
Barrio La Unión_Línea de mano fija marina;1;2
Palanca_Línea de mano fija continental;1;1
Berlín_Red de enmalle fija continental;1;2
Berlín_Chinchorro continental;3;5
Berlín_Red de enmalle de deriva continental;1;2
Pueblo Lindo o Caimanera_Atarraya;2;2
Berlín_Línea de mano fija continental;1;2
Pueblo Lindo o Caimanera_Red de enmalle fija continental;1;2
Taganga_Línea de mano fija marina;1;2
Puerto Arriba (Dibulla)_Línea de mano fija marina;2;5
Honda_Chinchorra;2;4
Berlín_Atarraya;1;2
Cangrejito_Línea de mano fija marina;1;2
Bazurto_Línea de mano fija marina;2;3
La Boquilla_Línea de mano fija marina;2;3
Mayapo_Línea de mano fija marina;2;4
Las Flores_Línea de mano fija marina;1;1
Puerto Franco_Red de enmalle fija continental;1;1
Puerto Franco_Atarraya;1;1
Puerto de Gamarra_Chinchorro continental;3;5
Jodedor_Línea de mano fija marina;2;3
Marralú_Palangre calandrio;1;2
El Puente_Chinchorra;4;5
Puerto Franco_Red de encierro rastra;2;7
Sempegua_Red de enmalle fija continental ciénaga;1;2
Sempegua_Chinchorro continental;6;8
Puerto ESSO_Red de enmalle de deriva continental;4;6
Puerto Wilches_Red de enmalle de deriva continental;4;6
Isla Fuerte_Línea de mano fija marina;1;3
Isla Fuerte_Línea de mano correteo curricán o trolling;1;3
Jurubirá_Palangre o espinel de fondo;2;3
Jurubirá_Línea de mano fija marina;1;2
Puerto Chaparro_Línea de mano fija continental;1;2
Puerto Abajo (Dibulla)_Línea de mano fija marina;1;3
Isla Fuerte_Buceo marino mixto;1;3
Playa de Arusí_Palangre o espinel de fondo;1;3
Playa de Arusí_Línea de mano fija marina;1;2
Playa Totumo_Línea de mano fija marina;2;2
Puerto Simití_Atarraya;2;2
Puerto Simití_Red de enmalle fija continental;2;2
Barrio La Unión_Línea de mano correteo curricán o trolling;2;3
Puerto del Pescado (San José Del Guaviare)_Red de enmalle fija continental;2;2
Puerto Principal (Leticia)_Red de enmalle fija continental;1;2
Mapiripán_Red de enmalle fija continental;2;2
Bodega AZAFRA_Palangre calandrio;5;5
Cabo Marzo_Palangre o espinel de fondo;3;4
Cabo Marzo_Línea de mano fija marina;2;3
Clarinetero_Atarraya;1;4
Puerto Rico [Meta]_Palangre calandrio;1;2
Puerto Rico [Meta]_Atarraya;1;2
Puerto Principal (Puerto Lleras)_Palangre calandrio;1;2
Puerto Principal (Puerto Lleras)_Atarraya;2;3
La Pedrera_Palangre calandrio;1;3
La Pedrera_Red de enmalle fija continental;1;3
La Pedrera_Red de enmalle de deriva continental;1;4
Paujil_Línea de mano fija continental;1;3
Puerto (Orocué)_Red de enmalle fija continental;1;2
La Tagua_Palangre calandrio;1;2
La Tagua_Red de enmalle fija continental;1;2
Muelle Principal (Puerto Leguízamo)_Red de enmalle fija continental;1;2
Muelle Hong Kong_Red de enmalle fija continental;1;2
Muelle La Esmeralda_Palangre calandrio;2;6
Puerto (Orocué)_Red de enmalle de deriva continental;1;3
Puerto (Orocué)_Atarraya;1;2
Puerto Principal (Puerto Lleras)_Arpón;1;1
Paujil_Arpón;1;4
Paujil_Red de enmalle fija continental;1;3
Puerto Principal (Puerto Lleras)_Línea de mano fija continental;1;2
Playa Necoclí_Línea de mano fija marina;1;4
Puerto Principal (Leticia)_Palangre calandrio;1;2
Puerto Principal (Leticia)_Flecha;2;2
Casco Urbano (Arauca)_Atarraya;2;4
Puerto Arriba (Dibulla)_Red de enmalle de deriva marina;3;3
Sempegua_Chinchorra;2;4
Palenquito_Palangre calandrio;1;2
Muelle Hong Kong_Red de enmalle de deriva continental;2;2
Clarinetero_Red de enmalle fija continental;1;4
Muelle Principal (Puerto Leguízamo)_Palangre calandrio;1;2
Cartagena del Chairá_Atarraya;1;2
Cartagena del Chairá_Palangre calandrio;1;2
Puerto (Orocué)_Palangre calandrio;1;2
Santuario_Red de enmalle de deriva continental;2;4
Puerto Arango_Red de enmalle fija continental;2;6
Santuario_Atarraya;2;4
Puerto Miraflores_Arpón;2;3
El Puerto (Puerto Carreño)_Chinchorro continental;3;5
El Puerto (Puerto Carreño)_Línea de mano fija continental;1;3
Muelle Hong Kong_Palangre calandrio;1;2
Puerto de Gamarra_Nasas de Peces;4;4
Puerto Cabuyaro_Chinchorro continental;2;4
Puerto Cabuyaro_Palangre calandrio;1;2
La Pedrera_Línea de mano fija continental;1;2
Malecón (Puerto Gaitán)_Palangre calandrio;1;3
Malecón (Puerto Gaitán)_Red de enmalle fija continental;1;3
Clarinetero_Chinchorro continental;3;8
Pesquera Aspabab_Línea de mano fija marina;1;3
La Boquilla_Red de enmalle de deriva marina;2;2
Puerto Ciénaga de Paredes_Palangre calandrio;2;2
Puerto Ciénaga de Paredes_Atarraya;2;2
El Puerto (Puerto Carreño)_Red de enmalle fija continental;1;2
El Muelle (Puerto López)_Chinchorro continental;2;3
El Muelle (Puerto López)_Red de enmalle de encierro continental;1;2
Pantuuchitu_Línea de mano fija marina;2;4
Casco urbano Roma_Red de enmalle zangarreo;2;2
Cabo de la Vela_Línea de mano fija marina;2;3
Doña Ana_Red de enmalle fija continental;1;2
Doña Ana_Red de enmalle zangarreo;2;3
Doña Ana_Atarraya;1;2
Lomita Arena_Línea de mano fija marina;2;4
Las Delicias_Línea de mano fija marina;1;4
Dorada_Red de enmalle fija continental;2;2
Punta de blanco_Atarraya;1;2
Punta de blanco_Red de enmalle fija continental;1;2
La Tranca_Red de enmalle zangarreo;2;3
La Tranca_Red de enmalle fija continental;1;2
Dorada_Atarraya;2;2
Punta de blanco_Red de enmalle de encierro continental;3;6
Puerto Real - Saloa_Red de enmalle fija continental ciénaga;1;2
Puerto Real - Saloa_Chinchorra;2;3
Doña Ana_Chinchorro continental;3;5
Puerto Real - Saloa_Atarraya;2;2
Palanca_Red de enmalle zangarreo;2;3
Orpua_Red de enmalle fija marina;2;2
Puerto Antequera_Red de enmalle fija continental ciénaga;1;2
Puerto Antequera_Chinchorro continental;3;7
Berlín_Palangre calandrio;1;2
Puerto Boca_Red de enmalle de deriva continental;2;3
Puerto Real - Saloa_Chinchorro continental;2;2
Puerto Boca_Línea de mano fija continental;1;1
Berrugas_Red de enmalle fija marina;1;2
Puerto Antequera_Atarraya;1;2
Orpua_Red de enmalle camaronera;2;2
Orejero_Red de enmalle zangarreo;2;3
Costilla_Red de enmalle fija continental;1;2
Costilla_Nasas de Peces;1;1
Costilla_Atarraya;1;2
La Raya_Red de enmalle fija continental;1;2
Desembarcadero (Juradó)_Línea de mano fija marina;1;3
Guineal_Red de enmalle fija marina;1;3
Guineal_Palangre o espinel de fondo;1;3
Guineal_Red de cerco;2;3
Desembarcadero (Juradó)_Palangre o espinel de superficie;2;2
Taburetera_Red de enmalle fija continental;1;2
Taburetera_Atarraya;2;2
Betania (Montecristo)_Red de enmalle fija continental;2;2
Usaragá_Línea de mano fija marina;1;2
Sivirú_Red de enmalle fija marina;1;3
Betania (Montecristo)_Atarraya;2;2
Desembarcadero (Juradó)_Palangre o espinel de fondo;2;3
Guineal_Red de enmalle de deriva marina;1;2
Sivirú_Red de enmalle camaronera;1;2
Doña Ana_Palangre calandrio;1;1
La Boquilla_Buceo marino mixto;1;3
Marralú_Chinchorro continental;3;4
El Puerto (Puerto Carreño)_Red de enmalle de deriva continental;2;2
La Raya_Atarraya;2;2
La Raya_Palangre calandrio;2;2
Santuario_Palangre calandrio;2;4
Puerto Ciénaga de Paredes_Nasas de Peces;1;2
Costilla_Palangre calandrio;1;2
Sivirú_Línea de mano fija marina;1;2
Guineal_Red de enmalle de encierro marina;2;3
La Gloria_Línea de mano fija continental;1;2
Guineal_Línea de mano fija marina;1;1
El Muelle (Puerto López)_Palangre calandrio;1;2
Plaza de mercado (La Dorada)_Línea de mano fija continental;1;4
Caño Mina_Red de enmalle fija continental;2;2
Muelle Hong Kong_Atarraya;1;2
Usaragá_Palangre o espinel de fondo;1;2
Usaragá_Red de enmalle fija marina;2;2
Puerto López_Palangre calandrio;1;2
Candelaria (Chimichagua)_Atarraya;2;2
Puerto Asure_Arpón;1;2
Cartagena del Chairá_Línea de mano fija continental;1;2
Puerto Principal (Puerto Lleras)_Red de enmalle fija continental;1;2
Clarinetero_Línea de mano fija continental;1;3
Costilla_Chinchorro continental;2;4
San Miguel (Puerto Gaitán)_Red de enmalle de deriva continental;2;3
Puerto ESSO_Línea de mano fija continental;4;5
El Muelle (Puerto López)_Red de enmalle fija continental;1;3
Puerto Rico [Meta]_Red de enmalle fija continental;1;2
Puerto Rico [Meta]_Línea de mano fija continental;1;2
Muelle La Esmeralda_Red de enmalle fija continental;1;2
Santuario_Red de enmalle fija continental;2;3
Puerto (Orocué)_Línea de mano fija continental;1;3
Las Balsas_Chinchorro continental;2;3
Puerto Barrio El Progreso_Red de enmalle de deriva continental;2;2
Desembarcadero (Juradó)_Arpón;2;2
El Pájaro_Línea de mano fija marina;2;4
Curillo_Línea de mano fija continental;1;2
Curillo_Palangre calandrio;1;2
Orpua_Línea de mano fija marina;1;2
Puerto del Pescado (San José Del Guaviare)_Palangre calandrio;2;2
Puerto del Pescado (San José Del Guaviare)_Red de enmalle de deriva continental;2;2
Curillo_Red de enmalle fija continental;1;2
Mapiripán_Palangre calandrio;1;3
Puerto Barrio El Progreso_Red de enmalle fija continental;2;2
La Pedrera_Arpón;1;3
El Puerto (Puerto Carreño)_Palangre calandrio;1;3
Muelle Principal (Puerto Leguízamo)_Línea de mano fija continental;1;2
Puerto de desembarco (Barrancominas)_Red de enmalle fija continental;1;2
Las Balsas_Red de enmalle fija continental;1;3
Bellavista_Nasas de Peces;1;4
Pueblo Nuevo (Barrancominas)_Red de enmalle fija continental;1;2
Muelle Hong Kong_Línea de mano fija continental;1;2
Riosucio_Red de enmalle fija continental;1;2
Desembarcadero (Murindó)_Red de enmalle fija continental;1;2
Montaño_Red de enmalle fija continental;1;2
La Grande_Red de enmalle fija continental;1;3
Puerto de desembarco (Mitú)_Línea de mano fija continental;1;1
Aparca_Palangre calandrio;2;2
Puerto ESSO_Chinchorra;4;5
Puerto Cabuyaro_Red de enmalle fija continental;1;2
San Antonio de Padua_Red de enmalle fija continental;1;2
La Rampa (Barrancabermeja)_Línea de mano fija continental;3;3
Puerto Wilches_Chinchorra;4;4
Santuario_Arpón;2;5
Puerto Principal (Puerto Lleras)_Red de enmalle de deriva continental;2;2
San Miguel (Puerto Gaitán)_Palangre calandrio;2;3
Laguna Colorada_Línea de mano fija continental;1;2
Laguna Colorada_Red de enmalle fija continental;1;2
Puerto Cabuyaro_Línea de mano fija continental;2;2
Monserrate_Línea de mano fija continental;1;2
San Miguel (Puerto Gaitán)_Línea de mano fija continental;2;2
Puerto Abajo (Dibulla)_Chinchorro marino;16;16
Casco Urbano (Arauca)_Línea de mano fija continental;1;3
La Isla de los Palacios_Red de enmalle fija continental;1;3
Muelle Don Antonio_Red de arrastre artesanal o changa;2;2
La Peinada_Buceo de peces;1;3
Puerto Kenedy_Red de enmalle fija continental;1;2
Puerto Kenedy_Línea de mano fija continental;2;2
Policía fluvial (Quibdó)_Red de enmalle fija continental;1;2
Policía fluvial (Quibdó)_Línea de mano fija continental;1;2
Pueblo Nuevo_Palangre o espinel de fondo;3;13
Muelle Hong Kong_Arpón;2;2
Pesquera Friopez_Red de enmalle fija marina;2;3
Pesquera Friopez_Palangre o espinel de fondo;4;4
Chamón_Red de enmalle fija marina;2;4
Chamón_Palangre o espinel de fondo;3;4
Comercializadora Anabel_Red de arrastre artesanal o changa;2;2
Juanchaco_Línea de mano fija marina;2;4
Betania - Naya_Red de enmalle de deriva marina;1;2
Tasajera La Playa_Red de enmalle langostera;3;4
Chamuscado - Naya_Red de enmalle de deriva marina;2;3
El Puente_Atarraya rastra;1;1
Santa Cruz - Naya_Red de enmalle de deriva marina;2;2
La Casa del Pescador_Red de enmalle camaronera;2;2
Bazán La Bocana_Red de enmalle camaronera;2;3
Bazán La Bocana_Red de enmalle de deriva marina;2;3
Miramar - Bahía Málaga_Red de enmalle de deriva marina;1;3
Miramar - Bahía Málaga_Red de enmalle fija marina;1;2
Pesquera Torres Mar_Red de arrastre artesanal o changa;2;2
Bazán La Bocana_Red de enmalle fija marina;2;2
Bazán La Bocana_Red de arrastre artesanal o changa;2;2
Puerto El Waffe marino_Palangre o espinel de fondo;2;2
Limones_Red de enmalle camaronera;2;2
Limones_Red de arrastre artesanal o changa;1;2
Punta Bonita_Chinchorro marino;8;17
Vigía_Red de enmalle camaronera;2;2
Vigía_Línea de mano fija marina;2;4
Muelle La Samaritana_Red de enmalle de encierro continental;2;2
La Casa del Pescador_Red de enmalle fija marina;2;2
Sempegua_Atarraya;2;2
Muelle Las Flores_Línea de mano fija marina;2;3
Muelle La Samaritana_Línea de mano fija marina;1;3
Berrugas_Palangre o espinel de superficie;1;1
Punta Bonita_Red de enmalle camaronera;2;4
Uldarico_Palangre o espinel de fondo;3;4
El 48_Palangre o espinel de fondo;3;5
Chicopez_Red de enmalle camaronera;2;3
Chicopez_Red de enmalle fija marina;2;2
Punta Bonita_Palangre o espinel de fondo;2;3
Orpua_Palangre o espinel de fondo;1;2
Candelillas de Mar_Recolección manual de piangua;2;4
La Plata - Bahía Málaga_Red de enmalle de deriva marina;2;2
Miramar - Bahía Málaga_Palangre o espinel de fondo;1;2
Mangaña - Bahía Málaga_Red de enmalle fija marina;1;2
Pueblo Nuevo (Barrancominas)_Línea de mano fija continental;1;2
Malecón (Puerto Gaitán)_Línea de mano fija continental;1;3
Vigía_Red de enmalle zangarreo;2;3
Mangaña - Bahía Málaga_Red de enmalle de deriva marina;1;1
Muelle Pescadores (Puerto Boyacá)_Atarraya rastra;3;3
La Plata - Bahía Málaga_Palangre o espinel de fondo;1;2
La Plata - Bahía Málaga_Red de enmalle fija marina;1;2
Limones_Red de enmalle fija marina;2;4
Comercializadora JLV_Red de cerco artesanal o ruche;8;8
Milagros de la Mar_Red de enmalle fija marina;1;3
Chontal_Red de enmalle fija marina;2;3
Chamuscado - Naya_Palangre o espinel de fondo;1;1
Monserrate_Atarraya;2;4
Milagros de la Mar_Palangre o espinel de fondo;2;4
Puerto de Gamarra_Chinchorra;4;4
Playa Nueva_Red de enmalle camaronera;2;2
Playa Nueva_Línea de mano fija marina;2;3
Marralú_Nasas de Peces;1;1
Pesquera Punta Reyes_Red de enmalle de deriva marina;2;3
Puerto de desembarco (Mitú)_Arpón;1;1
Agropesur_Red de arrastre artesanal o changa;2;2
Milagros de la Mar_Chinchorro marino;25;45
Usaragá_Red de enmalle de deriva marina;1;2
Pesquera Punta Reyes_Palangre o espinel de fondo;3;10
Casco Urbano (Arauca)_Red de enmalle fija continental;2;4
Timbiquí_Red de enmalle fija marina;2;2
Corozal_Red de enmalle fija marina;2;2
Mercado (Lorica)_Arpón;1;2
Mercado (Lorica)_Flecha;1;2
Palenquito_Red de enmalle de deriva continental;2;2
Puerto Montecristo_Flecha;2;2
Galería (Guapi)_Red de enmalle fija marina;2;3
Galería (Guapi)_Palangre o espinel de fondo;3;4
Punta Bonita_Red de enmalle fija marina;2;4
La Sierpe - Bahía Málaga_Red de enmalle fija marina;1;2
Pesquera Friopez_Palangre o espinel de superficie;3;3
La Sierpe - Bahía Málaga_Red de enmalle de deriva marina;1;1
Comercializadores independientes (Guapi)_Red de enmalle fija marina;2;2
Quiroga_Red de enmalle camaronera;2;2
Quiroga_Chinchorro camaronero;4;5
Las Balsas_Red de enmalle de encierro continental;1;2
Punta Bonita_Red de enmalle de deriva marina;2;4
Codis_Atarraya;2;2
Puerto de desembarco (Barrancominas)_Línea de mano fija continental;2;2
Puerto de desembarco (Mitú)_Palangre calandrio;1;1
Sivirú_Palangre o espinel de fondo;1;3
San Alejandro_Red de enmalle fija continental;1;2
Pesquera Punto JM_Red de enmalle camaronera;2;2
Chacón_Red de enmalle fija marina;1;2
Las Balsas_Palangre calandrio;1;2
Plaza de mercado (Tumaco)_Red de enmalle fija marina;2;3
Río San Miguel_Red de enmalle fija continental;1;2
Miramar - Bahía Málaga_Línea de mano fija marina;1;3
La Plata - Bahía Málaga_Línea de mano fija marina;1;2
Belén (San Marcos)_Atarraya rastra;1;1
San José de la Calle_Red de enmalle fija continental;1;2
Uldarico_Red de enmalle de deriva marina;2;2
Mapiripán_Línea de mano fija continental;1;2
Juanchaco_Línea de mano correteo curricán o trolling;2;3
Río San Miguel_Red de enmalle de deriva continental;1;2
Puerto ESSO_Chinchorra mallona;4;5
Puerto Wilches_Chinchorra mallona;4;4
Río San Miguel_Línea de mano fija continental;1;2
La Sierpe - Bahía Málaga_Línea de mano fija marina;1;2
Mangaña - Bahía Málaga_Palangre o espinel de fondo;1;2
Puerto de desembarco (Barrancominas)_Red de enmalle de deriva continental;2;2
Playa Nueva_Red de enmalle de encierro continental;2;2
Aparca_Arpón;1;6
Montaño_Línea de mano fija continental;2;2
Pueblo Nuevo_Línea de mano fija marina;3;4
Puerto Boca_Chinchorro continental;3;3
San Miguel (Puerto Gaitán)_Red de enmalle fija continental;2;3
Aparca_Línea de mano fija continental;2;2
Pueblo Nuevo (Barrancominas)_Red de enmalle de deriva continental;1;2
Laguna Colorada_Red de enmalle de deriva continental;1;2
La Sierpe - Bahía Málaga_Palangre o espinel de fondo;1;2
Pesquera Punta Reyes_Red de cerco artesanal o ruche;10;12
Pueblo Nuevo (Barrancominas)_Palangre calandrio;1;1
Muelle Las Flores_Red de enmalle de encierro continental;2;2
El 48_Red de cerco artesanal o ruche;10;11
Uldarico_Red de cerco artesanal o ruche;10;10
Caño Mina_Red de enmalle de deriva continental;2;2
Río San Miguel_Arpón;1;3
Mapiripán_Red de enmalle de deriva continental;2;2
El 48_Red de enmalle de deriva marina;2;2
Malecón (Puerto Gaitán)_Red de enmalle de deriva continental;1;3
La Rampa (Barrancabermeja)_Atarraya rastra;4;4
Isla Fuerte_Red de enmalle fija marina;1;2
La Gloria_Gaviota;3;4
La Raya_Red de enmalle de deriva continental;1;2
San Miguel (Puerto Gaitán)_Atarraya;2;3
Puerto La Candelaria_Atarraya rastra;1;2
Barrio La Unión_Nasa de jaibas;1;2
Macurutú - Saloa_Flecha;1;2
Puerto ESSO_Chinchorra nicurera;4;5
Puerto Boquillas_Red de enmalle de deriva continental;2;2
Bocas de Seheve_Chinchorro continental;4;6
Malecón (Puerto Gaitán)_Chinchorro continental;2;2
Muelle La Esmeralda_Línea de mano fija continental;1;2
Puerto López_Línea de mano turista;1;1
La Rampa (Barrancabermeja)_Nasas de Peces;3;5
Puerto Wilches_Chinchorra nicurera;4;5
La Punta_Buceo marino mixto;1;2
Plaza de mercado (La Dorada)_Atarraya rastra;2;2
Puerto de Gamarra_Atarraya;1;5
Puerto de Gamarra_Línea de mano fija continental;1;4
Puerto de Gamarra_Red de enmalle fija continental;1;4
Las Delicias_Red de enmalle de deriva marina;2;2
Paujil_Palangre calandrio;1;3
Puerto Cabuyaro_Atarraya;2;5
Clarinetero_Red de enmalle de deriva continental;3;4
Puerto Rico [Meta]_Red de enmalle de deriva continental;1;2
Punta Bonita_Red de cerco;12;14
Pesquera Friopez_Red de cerco artesanal o ruche;12;12
Juanchaco_Red de enmalle de deriva marina;2;2
Monserrate_Red de enmalle fija continental;2;4
Las Flores_Atarraya;1;2
Monserrate_Chinchorro continental;2;4
Casco Urbano (Arauca)_Palangre calandrio;2;4
Rincón del Mar_Nasa de langostas;1;4
Casco Urbano (Arauca)_Chinchorro continental;2;4
Playa de Arusí_Arpón;3;3
Mapiripán_Chinchorro continental;2;4
Playa de Arusí_Red de enmalle fija marina;1;1
Malecón (Puerto Gaitán)_Atarraya;1;2
Puerto del Pescado (San José Del Guaviare)_Línea de mano fija continental;2;2
Doña Ana_Red de enmalle de encierro continental;3;5
La Charca de Guarinocito_Chinchorra;4;4
Pesquera Luz Mar_Red de enmalle fija marina;2;3
Puerto Principal (Leticia)_Línea de mano fija continental;1;1
Mangaña - Bahía Málaga_Línea de mano fija marina;1;2
Puerto Barrio El Progreso_Red de enmalle de deriva continental mallona;2;3
Las Flores_Red de enmalle fija marina;5;6
Muelle Pescadores (Puerto Boyacá)_Atarraya chile;3;6
Corozal_Red de enmalle de encierro continental;2;2
Orpua_Red de cerco;4;8
Milagros de la Mar_Red de enmalle de encierro continental;2;2
Timbiquí_Red de enmalle de encierro continental;2;2
Quiroga_Red de enmalle fija marina;4;4
Puerto López_Chinchorro continental;5;6
Isla Fuerte_Nasas de Peces;1;3
Marralú_Red de enmalle de encierro continental;3;3
Chacón_Red de enmalle de encierro continental;2;2
Caño Mina_Palangre calandrio;2;2
Pueblo Nuevo_Red de cerco;13;13
Pesquera Luz Mar_Red de cerco artesanal o ruche;12;12
Pueblo Nuevo_Nasa de jaibas;1;1
Puerto Bello_Chinchorro continental;4;4
Puerto Amor_Red de enmalle de encierro continental;2;2
Puerto Barrio El Progreso_Chinchorra;2;3
Puerto de Gamarra_Palangre calandrio;2;4
Puerto Barrio El Progreso_Línea de mano fija continental;2;2
Pesquera Ricuras del Mar_Red de enmalle fija marina;3;3
Puerto Boca_Atarraya;2;2
Puerto Asure_Red de enmalle de encierro continental;1;2
Pesquera Punta Reyes_Red de enmalle camaronera;2;2
El Pedral_Red de enmalle de deriva continental;2;3
El Pedral_Atarraya;1;2
Casco Urbano (San Juan de Urabá)_Red de enmalle fija marina;2;3
Sapzurro_Línea de mano fija marina;1;2
Puerto Triunfo_Atarraya;2;2
Puerto Triunfo_Atarraya rastra;4;5
Puerto Triunfo_Palangre calandrio;1;2
Sapzurro_Red de enmalle fija marina;2;3
Marriaga_Red de enmalle fija continental;1;2
Ciénaga del Totumo_Atarraya;1;2
La Coquerita_Línea de mano fija marina;1;3
Primera Ensenada_Atarraya;1;1
Primera Ensenada_Palangre o espinel de fondo;1;3
Primera Ensenada_Línea de mano fija marina;2;4
Ciénaga del Totumo_Buceo de peces;2;3
El Pedral_Cóngolo;2;3
Puerto Triunfo_Red de enmalle de deriva continental;2;2
Sapzurro_Línea de mano correteo curricán o trolling;1;2
El Pedral_Línea de mano fija continental;1;2
Uldarico_Red de enmalle camaronera;2;2
El 48_Red de enmalle camaronera;2;2
Puerto (Arauquita)_Atarraya;2;3
Puerto Triunfo_Chinchorra;3;4
Docordó_Red de enmalle fija marina;2;3
Sapzurro_Buceo de peces;1;2
Docordó_Red de enmalle de deriva marina;1;2
Docordó_Palangre o espinel de fondo;2;3
Casco urbano Roma_Flecha;1;1
Chontal_Recolección manual de piangua;2;2
Chontal_Palangre o espinel de superficie;1;2
Chontal_Red de enmalle camaronera;2;3
Chontal_Red de arrastre;2;3
Chontal_Palangre o espinel de fondo;1;2
Chontal_Red de enmalle de encierro continental;2;2
Chontal_Red de cerco artesanal o ruche;2;3
Chontal_Chinchorro marino;3;3
Chontal_Línea de mano correteo curricán o trolling;2;4
Agropesur_Palangre o espinel de fondo;2;2
Chontal_Línea de mano fija marina;2;3
Tribugá_Red de enmalle fija marina;1;3
Tribugá_Línea de mano fija marina;1;2
San Antonio de Padua_Red de enmalle de deriva continental;1;2
Docordó_Línea de mano;2;3
Arrimadero La Unión_Red de enmalle marina de fondo;2;3
Casco Urbano (San Juan de Urabá)_Red de enmalle camaronera;1;2
Puerto Miraflores_Red de enmalle marina de fondo;2;2
El Muelle (Barrancabermeja)_Línea de mano fija continental;2;3
Monserrate_Palangre calandrio;2;2
Miramar - Bahía Málaga_Palangre o espinel de superficie;1;2
La Sierpe - Bahía Málaga_Palangre o espinel de superficie;1;1
Muelle Principal (Puerto Leguízamo)_Red de enmalle de deriva continental;1;2
Buchadó_Red de enmalle fija continental;1;2
Tagachí_Red de enmalle fija continental;1;2
Tagachí_Cóngolo;1;1
Tagachí_Red de enmalle de deriva continental;2;3
Curvaradó_Red de enmalle fija continental;1;2
Buchadó_Línea de mano fija continental;1;2
Isla Fuerte_Red de enmalle de encierro marina;2;3
Tagachí_Línea de mano fija continental;1;2
El Llanito_Línea de mano fija continental;2;2
Chontal_No definido;2;2
El Muelle (Puerto López)_Red de enmalle de deriva continental;2;2
La Punta - Firme Cifuentes_Red de enmalle de encierro continental;2;3
Puerto Wilches_Línea de mano fija continental;4;4
La Punta - Firme Cifuentes_Red de enmalle camaronera;2;2
Laguna Colorada_Palangre calandrio;1;2
La Punta - Firme Cifuentes_Recolección manual de piangua;1;1
Punta Bonita_Palangre o espinel de superficie;1;2
Tribugá_Palangre o espinel de fondo;1;3
Puerto Boca_Red de enmalle fija continental ciénaga;2;3
El Pedral_Palangre calandrio;1;2
La Casa del Pescador_Red de enmalle de encierro continental;2;2
La Pedrera_Atarraya;1;2
Puerto Bogotá_Cóngolo;1;1
Puerto Bogotá_Línea de mano fija continental;1;2
Milagros de la Mar_Palangre o espinel de superficie;2;4
El Malecón (Coello)_Red de enmalle de deriva continental;2;4
Puerto Bogotá_Atarraya;1;2
San Antonio de Padua_Línea de mano fija continental;1;2
La Punta - Firme Cifuentes_Red de enmalle de deriva marina;2;3
Puerto Los Córdobas_Red de enmalle fija marina;1;3
Milagros de la Mar_Red de enmalle de deriva marina;2;3
Maracayo_Red de enmalle fija continental;1;1
Monserrate_Recolección manual de mota;2;2
Camarones_Red de enmalle de deriva marina;2;2
Camarones_Red de enmalle de encierro marina;2;5
Camarones_Nasas de Peces;2;7
Puerto Panseguita_Red de enmalle fija continental;1;2
Puerto Los Córdobas_Red de enmalle de deriva marina;2;3
Puerto Panseguita_Atarraya;1;2
Bocas del Atrato_Palangre o espinel de superficie;2;2
Las Brisas_Red de enmalle fija continental;1;2
Punta Bonita_Red de arrastre artesanal o changa;2;3
Candelaria (Achí)_Red de enmalle fija continental;1;2
Puerto Panseguita_Palangre calandrio;1;1
Muelle Pescadores (Puerto Boyacá)_Red de enmalle de deriva continental;4;4
Pesquera Friopez_Red de enmalle de deriva marina;2;3
Muelle Hong Kong_Recolección manual de mota;1;5
Vigía de Curvaradó_Red de enmalle fija continental;1;3
Chontal_Red de arrastre artesanal o changa;18;18
La Tagua_Línea de mano fija continental;1;3
Plaza de mercado (Tumaco)_Red de enmalle de encierro continental;2;2
Puerto (Arauquita)_Línea de mano fija continental;1;3
Vigía_Red de enmalle de deriva marina;2;2
La Sierpe - Bahía Málaga_Arpón;1;2
Curillo_Red de enmalle de deriva continental;2;3
Barrio Santa Lucía_Red de enmalle fija marina;2;2
Plaza de mercado (Tumaco)_Red de enmalle de deriva marina;2;2
La Casa del Pescador_Red de enmalle de deriva marina;2;2
La Grande_Línea de mano fija continental;2;2
La Coquerita_Atarraya;1;1
Playa Blanca (Ayapel)_Red de enmalle fija continental;1;2
Providencia o Caimancito_Red de enmalle fija continental;1;1
Domingodó_Flecha;1;2
Domingodó_Línea de mano fija continental;1;2
Domingodó_Red de enmalle fija continental;1;3
El Porvenir_Línea de mano fija marina;1;2
Chontal_Red de enmalle de deriva marina;1;3
El Porvenir_Red de enmalle fija marina;1;2
La Plata - Bahía Málaga_Palangre o espinel de superficie;1;2
El Porvenir_Buceo marino mixto;1;2
Barrio Arriba - Barbosa (Magangué)_Red de enmalle fija continental;1;2
El Porvenir_Palangre o espinel de fondo;1;2
Barrio Abajo - Barbosa (Magangué)_Red de enmalle fija continental;1;2
Barrio Santa Lucía_Línea de mano fija marina;2;4
Pomeño_Red de enmalle fija marina;2;3
San José de la Calle_Línea de mano fija continental;1;2
Cupica_Línea de mano fija marina;2;2
Pomeño_Red de enmalle de deriva marina;2;3
Candelillas de Mar_Red de enmalle de deriva marina;2;2
Tribugá_Arpón;1;2
Guataquí_Atarraya;1;2
La Chamba_Atarraya;1;3
Guataquí_Palangre calandrio;1;2
La Chamba_Red de enmalle de deriva continental;1;3
Virudó_Red de enmalle fija marina;1;3
Casco urbano (Puerto Escondido)_Red de enmalle fija marina;1;2
Casco urbano (Puerto Escondido)_Línea de mano fija marina;2;4
Miel de Abeja_Línea de mano fija marina;1;2
Guataquí_Cóngolo;2;2
Pesquera Luz Mar_Red de enmalle de deriva marina;2;2
Casco Urbano (San Juan de Urabá)_Palangre o espinel de fondo;2;3
El Pedral_Red de enmalle fija continental;1;2
Puerto Boca_Red de enmalle fija continental;2;2
Dotenedó_Red de enmalle camaronera;1;3
Nueva Ola_Atarraya;1;2
Nueva Ola_Red de enmalle fija continental;1;2
Candelaria (Achí)_Atarraya;1;2
Nueva Ola_Red de enmalle de deriva continental;1;3
Virudó_Línea de mano fija marina;1;3
Virudó_Palangre o espinel de fondo;1;3
Nueva Ola_Palangre calandrio;1;2
Candelillas de Mar_Red de enmalle fija marina;1;1
Nueva Ola_Chinchorro continental;2;4
Puerto Los Córdobas_Palangre o espinel de fondo;2;3
Casco urbano (Puerto Escondido)_Palangre o espinel de fondo;2;3
Puerto de los Jhonsons (Puerto Boyacá)_Atarraya chile;3;5
Puerto Arriba (Dibulla)_Chinchorro marino;13;18
Nueva Colonia_Palangre o espinel de superficie;2;2
Amarales_Red de enmalle de deriva marina;2;2
Guataquí_Red de enmalle fija continental;2;3
La Chamba_Nasas de Peces;1;2
El Roto_Palangre o espinel de superficie;2;2
Muelle Las Flores_Red de enmalle camaronera;2;2
Sicará_Red de enmalle fija continental;1;10
La Ensenada_Red de enmalle camaronera;2;2
Ica-Copipa_Línea de mano fija marina;1;2
Soledad Pueblito_Red de enmalle camaronera;2;2
Soledad Pueblito_Red de enmalle de encierro marina;3;3
Dotenedó_Línea de mano fija marina;1;2
La Ensenada_Red de enmalle de deriva marina;2;2
Virudó_Red de enmalle de deriva marina;2;3
Virudó_Atarraya;2;2
La Chamba_Palangre calandrio;1;1
Puerto de Gamarra_Cóngolo;1;1
El Porvenir_Atarraya;1;2
Distribuidoras de Tumaco_Red de enmalle de deriva marina;2;2
El Puerto (Tumaco)_Red de enmalle de deriva marina;2;4
Muelle Las Flores_Red de enmalle de deriva marina;2;4
Dotenedó_Red de enmalle fija marina;1;3
El Pedral_Red de enmalle de encierro continental;2;3
Pomeño_Palangre o espinel de fondo;1;2
Aparca_Red de enmalle fija continental;2;5
Guataquí_Nasas de Peces;1;2
Puerto Chucha_Línea de mano fija marina;2;2
La Chamba_Línea de mano fija continental;1;2
Charambirá_Red de enmalle fija marina;2;3
Punta Ardita_Línea de mano fija marina;2;2
Chapinero_Línea de mano fija continental;2;2
Charambirá_Palangre o espinel de fondo;2;3
Charambirá_Red de enmalle de deriva marina;2;3
Charambirá_Línea de mano;1;3
Playa de Arusí_Línea de mano correteo curricán o trolling;1;2
Mercado (Lorica)_Recolección manual;2;2
Charambirá_Red de cerco;1;1
Pueblo Nuevo (Barrancominas)_Atarraya;1;2
Docordó_Red de enmalle camaronera;2;2
Mulatos_Palangre o espinel de superficie;2;2
Monserrate_Nasas de Peces;2;3
Camarones_Línea de mano fija marina;1;3
Muelles del Camarón_Red de arrastre artesanal o changa;2;2
Soledad Pueblito_Línea de mano fija marina;1;2
Providencia o Caimancito_Atarraya;1;2
Distribuidoras de Tumaco_Red de cerco artesanal o ruche;12;12
Miel de Abeja_Red de enmalle fija marina;1;1
Bazán_Red de enmalle de deriva marina;2;2
Bazán_Red de cerco artesanal o ruche;10;10
Bazán_Palangre o espinel de fondo;3;10
La Ensenada_Línea de mano fija marina;2;3
Camarones_Línea de mano correteo curricán o trolling;2;4
Las Balsas_Red de enmalle de deriva continental;2;2
Dotenedó_Palangre o espinel de fondo;1;3
Pueblo Nuevo (Barrancominas)_Flecha;1;3
Puerto Chucha_Línea de mano fija continental;1;2
Paujil_Nasas de Peces;10;10
Puerto Los Córdobas_Línea de mano fija marina;3;4
Laguna Colorada_Flecha;1;1
Belén (San Marcos)_Palangre calandrio;1;1
Cabo de la Vela_Red de enmalle langostera;2;3
Pantuuchitu_Red de enmalle langostera;2;2
Puerto Real - Saloa_Red de enmalle fija continental;1;2
Jodedor_Red de enmalle langostera;2;3
Mayapo_Red de enmalle langostera;2;3
Distribuidoras de Tumaco_Chinchorro marino;14;14
La Boquilla_Palangre o espinel de superficie;1;2
Barrio La Unión_Palangre o espinel de superficie;2;2
Puerto Arriba (Dibulla)_Red de enmalle langostera;2;3
Puerto de desembarco (Barrancominas)_Palangre calandrio;1;1
Puerto Boca_Red de enmalle fija continental río;1;2
Candelaria (Achí)_Red de enmalle de deriva continental;1;2
Chamuscado - Naya_Red de enmalle fija marina;2;2
La Mata_Red de enmalle fija continental;1;2
Macurutú - Saloa_Red de enmalle fija continental;1;2
La Punta - Firme Cifuentes_Red de enmalle fija marina;2;2
Candelaria (Chimichagua)_Red de enmalle fija continental;1;2
Cartagena del Chairá_Red de enmalle fija continental;1;2
Barrio Arriba - Barbosa (Magangué)_Red de enmalle de deriva continental;2;2
Sempegua_Red de enmalle fija continental;1;2
Providencia o Caimancito_Palangre calandrio;1;1
Bocanegra_Palangre o espinel de fondo;1;2
Puerto Serviez_Cóngolo;2;2
Puerto del Cerrito_Red de enmalle fija continental río;1;4
Candelaria (Achí)_Palangre calandrio;1;2
Las Brisas_Línea de mano fija continental;1;1
Amarales_Red de enmalle camaronera;2;2
Candelaria (Achí)_Chinchorro continental;3;5
Paujil_Red de enmalle de deriva continental;2;2
Puerto de desembarco (Mitú)_No definido;1;1
Charambirá_Línea de mano fija marina;1;2
Casco Urbano (Arauca)_Recolección manual de mota;2;4
Muelle La Samaritana_Palangre o espinel de fondo;2;4
Muelle Las Flores_Palangre o espinel de fondo;1;3
Juanchaco_Red de enmalle fija marina;2;3
Doña Ana_Red de enmalle de deriva continental;1;1
Buenavista (La Dorada)_Chinchorra nicurera;3;3
Puerto Boyacá_Atarraya;1;3
Puerto Boyacá_Chinchorra;2;4
Puerto Boyacá_Palangre calandrio;1;3
La Grande_Red de enmalle de deriva continental;1;3
La Plata - Bahía Málaga_Arpón;2;2
Las Tenazas_Nasas de Peces;3;3
Miel de Abeja_Palangre o espinel de fondo;1;2
Cooperativas - Pueblo Nuevo_Red de enmalle de deriva marina;2;4
Tagachí_Atarraya;1;2
Cooperativas - Pueblo Nuevo_Palangre o espinel de fondo;3;13
San Alejandro_Red de enmalle de deriva continental;2;2
Cooperativas - Pueblo Nuevo_Red de enmalle camaronera;2;2
San Nicolás (Santa Cruz De Mompox)_Red de enmalle de deriva continental;2;2
Juanchaco_Palangre o espinel de fondo;3;3
Pesqueras - Pueblo Nuevo_Palangre o espinel de fondo;4;6
Río San Miguel_Atarraya;2;3
La Punta - Firme Cifuentes_Palangre o espinel de fondo;1;2
Montaño_Red de enmalle de deriva continental;2;2
Nueva Ola_Atarraya rastra;3;3
Purricha_Palangre o espinel de fondo;1;2
Puerto principal (San Vicente del Caguán)_Atarraya;2;3
Purricha_Red de enmalle de deriva marina;2;2
Playa Nueva_Red de enmalle de deriva marina;2;3
Playa Nueva_Palangre o espinel de fondo;2;3
Puerto principal (San Vicente del Caguán)_Red de enmalle fija continental;2;3
El Muelle (Puerto López)_Atarraya;2;3
Camarones_Red de enmalle fija marina;2;2
Puerto Pozuelo - La Rinconada_Red de enmalle de encierro continental;2;2
Puerto Los Córdobas_Atarraya;1;1
Cupica_Palangre o espinel de fondo;2;2
La Ensenada_Palangre o espinel de fondo;2;3
Las Brisas_Palangre calandrio;1;1
Palomino_Red de enmalle de encierro continental;2;3
Puerto Barrio El Progreso_Atarraya rastra;3;3
Puerto de las Canoas (Puerto Berrío)_Red de enmalle fija continental;3;6
Jurubirá_Línea de mano correteo curricán o trolling;1;2
Policía fluvial (Quibdó)_Red de enmalle de deriva continental;2;2
Barrio Arriba - Barbosa (Magangué)_Chinchorro continental;4;4
Pesqueras - Pueblo Nuevo_Red de enmalle de deriva marina;2;3
Purricha_Red de enmalle fija marina;2;3
Puerto Serviez_Red de enmalle de encierro continental;3;3
El Porvenir_Línea de mano correteo curricán o trolling;1;2
Bazán_Red de enmalle camaronera;2;2
Buenavista (La Dorada)_Palangre calandrio;1;2
Puerto Miraflores_Línea de mano correteo curricán o trolling;1;3
San Alejandro_Línea de mano fija continental;2;2
Betania - Naya_Red de enmalle camaronera;2;2
Isla Fuerte_Palangre o espinel de fondo;3;3
Sicará_Línea de mano fija continental;1;1
Aparca_Red de enmalle de deriva continental;3;4
Santa Cruz - Naya_Red de enmalle camaronera;2;2
Sicará_Atarraya;1;3
Guataquí_Línea de mano fija continental;1;2
Puerto de desembarco (Mitú)_Nasas de Peces;1;1
San José de la Calle_Red de enmalle de deriva continental;2;3
Mulatos_Red de enmalle camaronera;2;2
Docordó_Línea de mano fija marina;1;1
Las Delicias_Nasas de Peces;2;3
Muelle La Samaritana_Red de enmalle de deriva marina;2;3
La Gloria_Atarraya puesteo;1;2
Miel de Abeja_Red de enmalle de deriva marina;2;2
Ica-Copipa_Buceo marino mixto;2;2
Nueva Ola_Línea de mano fija continental;1;2
Puerto principal (San Vicente del Caguán)_Línea de mano fija continental;2;2
Puerto (Arauquita)_Recolección manual de mota;3;3
El Muelle (Barrancabermeja)_Atarraya porro;3;3
Casco Urbano (San Juan de Urabá)_Arpón;2;3
Caño Grande_Línea de mano fija continental;1;1
Santa Cruz - Naya_Red de enmalle fija marina;2;2
El Muelle (Barrancabermeja)_Red de enmalle de deriva continental mallona;4;4
La Rampa (Barrancabermeja)_Red de enmalle de deriva continental mallona;5;5
Pesqueras - Pueblo Nuevo_Red de enmalle camaronera;2;2
Betania - Naya_Palangre o espinel de fondo;2;2
Puerto Abajo (Dibulla)_Red de enmalle langostera;2;3
Puerto principal (San Vicente del Caguán)_Palangre calandrio;1;2
Milagros de la Mar_Red de enmalle camaronera;2;2
El Llanito_Nasas de Peces;2;2
Dotenedó_Recolección manual de piangua;1;3
Lomita Arena_Palangre o espinel de superficie;2;3
Bazurto_Atarraya;2;2
Punta de blanco_Palangre calandrio;1;1
El Puerto (Tumaco)_Palangre o espinel de fondo;2;3
El Puerto (Tumaco)_Red de cerco artesanal o ruche;2;16
Las Flores_Palangre o espinel de superficie;2;5
Poportín_Nasas de Peces;4;6
Puerto principal (San Vicente del Caguán)_Red de enmalle de deriva continental;2;3
Bocanegra_Red de enmalle de encierro continental;2;4
Puerto de las Canoas (Puerto Berrío)_Chinchorra mallona;3;7
Isla Fuerte_Nasa de langostas;4;6
El Puerto (Tumaco)_Chinchorro camaronero;3;7
Puerto Wilches_Chinchorro continental;4;4
Curillo_Atarraya;2;2
Puerto Principal (Leticia)_Red de enmalle de deriva continental;2;2
El Puerto (Tumaco)_Red de enmalle camaronera;2;3
Providencia o Caimancito_Línea de mano fija continental;1;1
Puerto Cabuyaro_Red de enmalle de deriva continental;1;2
Puerto de las Canoas (Puerto Berrío)_Chinchorra menuda;4;9
Casco Urbano (San Juan de Urabá)_Red de arrastre artesanal o changa;2;3
Puerto Bello_Red de enmalle de deriva continental;2;2
Palomino_Palangre calandrio;1;2
Nueva Colonia_Red de enmalle fija continental;2;2
Villa Fátima_Línea de mano fija marina;4;4
La T_Línea de mano fija marina;4;4
El Roto_Red de enmalle fija continental;1;2
Punta de blanco_Línea de mano fija continental;1;1
Barrio La Unión_Red de enmalle de encierro marina;2;2
Puerto Chaparro_Atarraya rastra;4;4
Nueva Colonia_Red de enmalle de encierro marina;2;2
Casco urbano (Puerto Escondido)_Red de enmalle de deriva marina;2;2
Bazán_Red de enmalle fija marina;2;2
El Puerto (Tumaco)_Red de enmalle fija marina;3;3
