SITIO_DESEMBARCO_METODO_DE_PESCA;Cuartil_inf_horas_trab_hist;Cuartil_sup_horas_trab_hist;Cuartil_inf_profundidad_hist;Cuartil_sup_profundidad_hist
Barrio Chino_Chinchorro continental;4;10,41;3;4
Barrio Chino_Red de enmalle de deriva continental;3,24;13;4;4
Guineal_Palangre o espinel de fondo;3;16,13;4;9
Playa de Arusí_Línea de mano fija marina;2,89;11,26;12;60
Bocanegra_Red de enmalle de encierro marina;5;12,17;2;2
Barrio Chino_Palangre calandrio;12;14,77;1;2
Playa de Arusí_Palangre o espinel de fondo;4,27;21,22;30;190
Barrio Chino_Red de enmalle fija continental;12;15,23;2;2
La Mata_Red de enmalle fija continental ciénaga;16,75;19,53;2;2
Lamas_Atarraya;5,5;9,93;1;4
Punta Bonita_Chinchorro marino;1,68;6,5;4;12
Plaza de mercado (La Dorada)_Red de enmalle de deriva continental;4,35;27,27;3;4
Puente Chambacú - Río Jella_Línea de mano fija marina;9;97;35;35
Sivirú_Red de enmalle fija marina;1,87;8,08;2;3
Bocanegra_Red de enmalle fija marina;6;26;2;10
Punta Bonita_Red de enmalle camaronera;2;13,08;4;4
Plaza de mercado (La Dorada)_Palangre calandrio;10;43,08;2;4
Puente Chambacú - Río Jella_Línea de mano correteo curricán o trolling;7;19,06;35;35
Sivirú_Línea de mano fija marina;2,99;8,97;2;3
El Ferry_Red de enmalle fija continental río;7,5;18;3;4
La Playa (El Banco)_Red de enmalle de deriva continental;7,83;13,5;4;6
Puerto Pozuelo - La Rinconada_Red de enmalle fija continental;15,33;21,67;1;3
Punta Bonita_Red de enmalle de deriva marina;3,5;27;4;6
Sivirú_Red de enmalle camaronera;2,52;9,99;3;3
Puente Chambacú - Río Jella_Palangre o espinel de fondo;19;241,93;35;90
San Miguel (Puerto Gaitán)_Red de enmalle de deriva continental;9,98;45,3;3;6
La Playa (El Banco)_Chinchorra;12,33;14,33;3;6
Villa Venecia_Red de enmalle fija continental;19,67;22,75;1;5
El Ferry_Chinchorra;3;12;3;4
Poportín_Red de enmalle fija marina;11,25;12,5;6;11
Tasajera La Playa_Red de enmalle fija marina;9;21;6;31
La Punta_Red de enmalle fija marina;14,08;17,15;4;14
La Punta_Buceo de caracol;6,89;13,85;2;3,5
Santropel - San Sebastián_Red de enmalle fija continental;21,42;25,44;5;10
Caño Grande_Atarraya;2,33;6;2;3
Caño Grande_Red de enmalle fija continental;15,92;18,75;2;3
Santropel - San Sebastián_Atarraya;3,83;9,5;4;9
Santuario_Red de enmalle de deriva continental;6,13;33,67;3;6
Carrizal_Red de enmalle fija marina;2,75;6,33;5;8
El Malecón (Neiva)_Atarraya;5,33;17;5;9
Bahía de Santa Marta_Red de enmalle fija marina;14,01;16,16;27;42
Bahía de Santa Marta_Línea de mano fija marina;2,53;14,58;34;87
Armenia_Red de enmalle fija continental;10;17,5;2;3
Caño Lobo_Atarraya;6;9,33;2;3
Damaquiel_Red de enmalle fija marina;6,5;28;4;24
Clarinetero_Atarraya;3,67;17,83;2;5
Bahía de Santa Marta_Línea de mano correteo curricán o trolling;2,45;6,06;31;63,2
El Ferry_Red de enmalle de deriva continental;3,5;10,5;3;4
Caño Lobo_Nasa de jaibas;3;5,87;1;2
Uveros_Red de enmalle fija marina;5,68;26,05;2;20
Caño Lobo_Red de enmalle de encierro marina;6;10;2;2
Puerto (Orocué)_Red de enmalle fija continental;23;36,02;4;10
Caño Lobo_Buceo de caracol;5;8;2;2
Barrio Abajo (Ciénaga)_Red de arrastre artesanal o changa;3,78;8,11;4;7
Barrio Abajo (Ciénaga)_Red de enmalle fija marina;7,39;21;7;28,7
Cabo de la Vela_Red de enmalle fija marina;11,83;49,42;6;60
Caño Lobo_Recolección manual de ostra;3,5;6;1;2
Cabo de la Vela_Nasas de Peces;23,58;119,17;6;9
Caño Lobo_Línea de mano fija marina;7;9,33;2;3
El Muelle (Puerto López)_Red de enmalle fija continental;20;97;2;3
Caño Lobo_Red de enmalle fija marina;14,08;19;2;3
El Ferry_Red de enmalle fija continental ciénaga;16;44;2;4
Las Balsas_Red de enmalle fija continental;21;74;2;3
Caño Lobo_Palangre o espinel de fondo;7;10;2;2
Puerto Amor_Red de enmalle fija continental;14,44;45,76;2;6
Puerto Arriba (Dibulla)_Red de enmalle de encierro marina;3,83;11,33;8;10
Sempegua_Red de enmalle fija continental ciénaga;7,97;19;2;4
Puerto Franco_Red de enmalle fija continental;14;19,17;1;3
Puerto Rico [Meta]_Palangre calandrio;12;20,72;6;8
Caño Lobo_Buceo de peces;7;9,5;2;3
Puerto El Waffe marino_Red de enmalle fija marina;13;68,83;5;5
Santa Rosa_Red de enmalle de deriva marina;6,79;8;11;11
Bellavista_Chinchorro de jala playa;1,17;6,55;20;20
Barrio Abajo (Ciénaga)_Red de enmalle de encierro marina;3,67;13;7;16
Santa Rosa_Buceo marino mixto;6,5;8;11;11
Bellavista_Línea de mano fija marina;2,25;15,52;30;40
Bellavista_Línea de mano correteo curricán o trolling;2,53;5,58;30;30
Tajamar Occidental_Red de enmalle de deriva marina;5;7,75;7;7
Sempegua_Atarraya;5,75;8,51;2;4
La T_Nasas de Peces;8,04;169,54;12;14
La T_Red de enmalle de encierro marina;8,08;11,58;12;12
Concepción - Tacamocho_Chinchorra;18,05;22,78;5;8
Tajamar Occidental_Línea de mano cometa;4,25;7,49;2;2
Pantuuchitu_Red de enmalle fija marina;12,17;16,22;5;9
Santuario_Atarraya;5,88;28;2;6
Pantuuchitu_Línea de mano fija marina;2;11,26;6;8
Guazo_Red de enmalle fija continental;16;20,9;2;6
Bellavista_Nasas de Peces;33,55;72,16;20;35,5
Desembarcadero (Murindó)_Red de enmalle fija continental;2,67;4,68;2;2
Rincón_Red de enmalle fija continental;18,5;22,17;1;5
Riosucio_Red de enmalle fija continental;19,55;50,45;3;7
Nueva Colonia_Red de enmalle fija marina;19,25;67,58;5;5
Guazo_Red de enmalle de deriva continental;2,33;8,15;4;20
Rincón_Atarraya;4,81;7,77;1;4
La Charca de Guarinocito_Atarraya;1,78;4,99;2;2
Marralú_Chinchorro continental;5;16,75;4;5
Mercado (Lorica)_Atarraya;2,73;6,49;2;2
El Valle_Línea de mano fija marina;4;21,5;5;10
Lamas_Red de enmalle fija continental;18,85;26,35;1;4
Playa Pescadores - Capurganá_Línea de mano fija marina;2,5;12;6;200
Curillo_Palangre calandrio;12,83;15;2;4
Marralú_Nasas de Peces;13,25;16,55;3;4
Mercado (Lorica)_Línea de mano fija continental;5,06;17;2;2
Isla Fuerte_Buceo marino mixto;5,08;7,92;4;12
Macurutú - Saloa_Red de enmalle fija continental ciénaga;3,25;20,5;2;5
Costilla_Atarraya;5,9;15,53;2;3
Marralú_Red de enmalle de deriva continental;2,22;9,5;4;5
Limones_Red de enmalle fija marina;5,33;11,5;2;5
Isla Fuerte_Línea de mano fija marina;5,08;12,12;8;125
Poportín_Buceo marino mixto;2,68;5,67;6;10
Costilla_Red de enmalle fija continental;13,67;17,17;2;3
Isla Fuerte_Línea de mano correteo curricán o trolling;6,17;11,92;12;80
Isla Fuerte_Red de enmalle fija marina;7,63;16,18;10;24
Puerto Playa - Capurganá_Línea de mano fija marina;3,5;12,25;40;200
El Valle_Palangre o espinel de fondo;17,17;46,27;48,5;80
Belén (El Banco)_Red de enmalle fija continental ciénaga;7;19,5;2;3
Policía fluvial (Quibdó)_Línea de mano fija continental;14,59;19,33;5;9
Belén (El Banco)_Chinchorro continental;8,5;12;1;3
Puerto Real - Saloa_Red de enmalle fija continental ciénaga;6,43;17,43;2;2
Puerto Simití_Red de enmalle fija continental;5,5;13,5;4;6
Puerto Simití_Atarraya;4,33;6,75;3;6
Las Flores_Red de enmalle de deriva marina;8,5;15;23;68
Chapundun_Atarraya;12,5;16,5;2;5
Chapinero_Atarraya;13;16,83;2;5
Puerto del Pescado (San José Del Guaviare)_Red de enmalle de deriva continental;1;10,49;4;13
Chapundun_Línea de mano fija continental;4;16,15;2;5
Robles_Red de enmalle fija continental;18,25;26;1;5
Las Flores_Palangre o espinel de fondo;6,88;11,17;19;78
Puerto Boca_Línea de mano fija continental;1,5;12,89;7;10
Yaguará_Red de enmalle fija continental;7,42;16,67;3;4
Puerto Boca_Red de enmalle de deriva continental;2,58;14,3;1;9
Taganga_Línea de mano fija marina;9,67;12,42;14;20
Yaguará_Atarraya;6,33;15,92;3;10
Mamón_Red de enmalle fija continental;19;23,71;1;4
Las Flores_Línea de mano fija marina;7,67;31,77;3;4
Puerto Boca_Chinchorro continental;6,18;15,57;1;4
Doña Ana_Red de enmalle fija continental;14;20,08;2;4
Puerto La Candelaria_Atarraya rastra;1,33;6;3;6
Yaguará_Chinchorra;5,58;17,33;3;4
Taganga_Línea de mano - Ballestilla;10;11,61;36;36
Los Tendales_Red de enmalle fija continental;17,08;19,25;2;2
Taganga_Buceo de peces;7,67;10,5;24;24
Puerto La Candelaria_Chinchorro continental;1,83;20,25;3;4
Puerto La Candelaria_Red de enmalle fija continental;14;22,52;2;4
Puerto Boquillas_Red de enmalle fija continental;15,75;20,25;2;4
Taganga_Chinchorro velao;11;13,25;2;8
Barrio Chino_Atarraya;2;6,5;2;4
Los Tendales_Atarraya;3,92;4,85;2;2
Loma - San Sebastián_Red de enmalle fija continental;15,92;23,5;1;4
Bahía de Cispatá_Línea de mano fija marina;6,5;11,5;2;9
Puerto Abajo (Dibulla)_Nasas de Peces;5;179,27;17,9;22
Puerto Abajo (Dibulla)_Red de enmalle fija marina;8;21;2;10,1
Puerto Abajo (Dibulla)_Chinchorro camaronero;2,5;10;2;3
Bahía de Cispatá_Atarraya;5;8,67;1;3
Puerto La Candelaria_Atarraya;1,18;4;3;5
Bahía de Cispatá_Buceo de peces;4,08;8;2;4,8
Bahía de Cispatá_Chinchorro marino;5;9,79;2;4
Puerto de las Canoas (Puerto Berrío)_Palangre calandrio;13,38;46,5;2;5
Puerto de las Canoas (Puerto Berrío)_Atarraya;8,14;55,02;1;5
Bahía de Cispatá_Red de enmalle de encierro marina;4,5;11;2;10
Puerto de las Canoas (Puerto Berrío)_Atarraya rastra;9,11;61,19;3;6
Bahía de Cispatá_Red de enmalle fija marina;13,5;18,5;2;12
Bahía de Cispatá_Palangre o espinel de fondo;6,86;10;3;12
Pizarro_Red de enmalle de deriva marina;3;149,39;5;27
Pesquera Aspabab_Red de enmalle camaronera;7,87;114,94;7;26
Punta Bonita_Palangre o espinel de fondo;3,25;17,75;6;12
Puerto del Cerrito_Red de enmalle fija continental ciénaga;16,67;20,17;2;4
Pizarro_Red de enmalle fija marina;10;17,9;9;16
Las Delicias_Red de enmalle de encierro marina;6;11,11;9;16
Taganga_Red de enmalle fija marina;11,5;15,79;4;35
Pesquera Aspabab_Red de enmalle de deriva marina;3,61;125,9;5;29
Puerto Ciénaga de Paredes_Red de enmalle fija continental;16,5;19,67;3;5
Margento_Atarraya;3,42;5,62;2;2
Puerto Colorado_Red de enmalle fija continental;15,08;18,92;2;2
Puerto Colorado_Línea de mano fija continental;14,25;16,5;1;2
Plaza de mercado (La Dorada)_Chinchorra;8,83;20;2;4
Berlín_Chinchorro continental;2;4,33;2;4
Berlín_Red de enmalle fija continental;14,5;17,36;2;2
La Mata_Nasas de Peces;16,53;18,75;2;2
Berlín_Red de enmalle de deriva continental;2,06;3,79;4;5
Orejero_Red de enmalle fija continental;8,5;20,8;1;4
Champaché_Línea de mano fija marina;7,84;18,08;5;22
Champaché_Atarraya;10,04;18,5;2;16
Champaché_Red de enmalle fija marina;13,69;17,96;4;16
Palomino_Red de enmalle fija continental;7,25;18,88;1;4
Playa Necoclí_Red de enmalle camaronera;2,33;4;4;7
Concepción - Tacamocho_Red de enmalle fija continental;14,17;18,83;4;7
Playa Totumo_Red de enmalle fija marina;4;77,5;4;30
Playa Totumo_Línea de mano fija marina;13,25;81,56;5;35
Berrugas_Red de enmalle de encierro marina;5;10,09;6;7
Berrugas_Chinchorro marino;3,72;9;4;6
El Puente_Red de encierro rastra;3,25;11,33;4;6
Puerto Cabuyaro_Chinchorro continental;8;95,25;3;6
El Muelle (Puerto López)_Chinchorro continental;9;72,5;2;2
Guineal_Red de enmalle de encierro marina;4;9,32;2;4
Las Balsas_Chinchorro continental;18,25;73,5;2;3
El Pájaro_Red de enmalle de deriva marina;8,92;11,25;5;9
Caño Mina_Red de enmalle de deriva continental;1,58;2,5;5;10
El Puente_Red de enmalle de deriva continental;3,17;11,25;4;6
Concepción - Tacamocho_Palangre calandrio;12;18;3;6
El Puente_Atarraya;3,67;7,92;2;5
Puerto Cabuyaro_Palangre calandrio;13,5;49,6;4;8
Marralú_Atarraya;3;7,5;2;6
Paujil_Línea de mano fija continental;4,7;46,8;2;20
La Playa (El Banco)_Chinchorro continental;12,33;25,64;2;4
Berlín_Atarraya;1,92;3,67;2;4
El Puente_Atarraya rastra;3,5;7,08;4;6
Puerto Arriba (Dibulla)_Chinchorro camaronero;4,53;11,67;3;3
Muelle Principal (Puerto Leguízamo)_Palangre calandrio;15,32;138,03;6;8
Puerto Arriba (Dibulla)_Nasas de Peces;75,31;308,1;22;30
Tasajera La Playa_Palangre o espinel de fondo;6,5;20,67;9;65,8
Rincón del Mar_Buceo marino mixto;4,65;8,17;3;13
La Gloria_Chinchorra;9,17;19,48;3;5
La Gloria_Palangre calandrio;9,5;21;3;4
Tapegua_Red de enmalle fija continental;14,67;18;2;3
Muelle Principal (Puerto Leguízamo)_Red de enmalle fija continental;4,33;93,19;4;8
San Nicolás (Santa Cruz De Mompox)_Red de enmalle fija continental;12,84;22,3;1;6
Las Delicias_Red de enmalle fija marina;6,83;18,54;3;16
La Peinada_Red de enmalle fija continental;17,58;21,17;2;4
Tapegua_Atarraya;3;6,17;2;3
La Tagua_Palangre calandrio;12,25;42,41;8;10
La Peinada_Atarraya;4,42;10,42;1;3
El Puente_Red de enmalle fija continental;14,5;18,83;2;2
La Tagua_Red de enmalle fija continental;11,84;17,4;7;10
Belén (San Marcos)_Red de enmalle fija continental;16;19,67;1;2
Belén (San Marcos)_Red de enmalle de deriva continental;4,5;13;3;4
Cangrejito_Red de enmalle fija marina;6,42;17,42;4;14
La Casa del Pescador_Red de enmalle fija marina;11,67;17,42;12;24
Bocanegra_Atarraya;5,75;7,85;2;2
Casino_Línea de mano fija marina;5;71,82;8;40
Palomar_Red de enmalle de deriva continental;2;11;3;4
Morrosquillo_Línea de mano fija marina;3;7,17;5;17
Morrosquillo_Atarraya;2,5;6;4;13
Puerto Barrio El Progreso_Red de enmalle de deriva continental;6,5;13,5;4;7
Guineal_Red de enmalle fija marina;2;14,63;2;6
Arroyito_Atarraya;2,5;5;5;6
Arroyito_Línea de mano fija marina;4,87;10,95;8;12
Palomar_Red de enmalle fija continental;16;20;2;2
Puerto de las Canoas (Puerto Berrío)_Chinchorra;9,48;72,51;2;4
Puerto Maco/Puerto Momico_Red de enmalle fija continental;7,17;10,42;5;10
Puerto Maco/Puerto Momico_Atarraya;7,5;15,08;3;10
Manaure Centro_Red de enmalle de encierro marina;7,5;11,33;14;14
Puerto Maco/Puerto Momico_Palangre calandrio;4,33;15,42;6;8
Manaure Abajo_Red de enmalle de encierro marina;7,67;11,17;14;14
Manaure Abajo_Palangre o espinel de fondo;10,19;14,92;29;32
Usaragá_Palangre o espinel de fondo;2,78;8,15;8;18
Usaragá_Red de enmalle de deriva marina;2,07;7,85;3,4;18
Orpua_Red de enmalle fija marina;8,5;16,5;5;10
Cecilia_Atarraya;4,27;6;2;2
Cecilia_Red de enmalle fija continental;17,5;19,25;2;2
Villanueva_Red de enmalle fija continental;14,92;18,67;2;3
El Llanito_Atarraya;4;9;2;2
Villanueva_Red de enmalle de deriva continental;2,67;9,17;4;5
El Llanito_Palangre calandrio;10,23;18,96;2;2
Villanueva_Atarraya;2,69;6,48;2;2
El Roto_Red de enmalle fija marina;15,4;17,92;3;3
Marralú_Palangre calandrio;6,25;17,75;2;2
Desembarcadero (Supía)_Atarraya;13,17;15,83;3;3
Cecilia_Red de enmalle de deriva continental;3,78;5,5;3;4
Curillo_Línea de mano fija continental;13;15,5;3;6
Villa Fátima_Red de enmalle de encierro marina;8,17;11,5;12;12
Mulatos_Palangre o espinel de fondo;2,56;4,44;6,3;9
Mulatos_Red de enmalle fija marina;3;16,17;6;10
Curillo_Red de enmalle fija continental;12,5;15;2;3,5
El Llanito_Red de enmalle de deriva continental;6,36;12,23;2;2
Sempegua_Chinchorra;6;15;1;3
Playa Necoclí_Red de enmalle fija marina;4;75,92;5;14
La Pedrera_Palangre calandrio;10,68;75,42;4;11,2
Mayapo_Red de enmalle fija marina;6,33;14,83;7;65
La Pedrera_Red de enmalle fija continental;11,28;78,73;4;9
Playa Necoclí_Red de enmalle fija marina campaña;28,15;98;5,3;13,7
Pizarro_Red de enmalle camaronera;7,53;165;9;26
Mayapo_Buceo de langosta;4,58;8,17;6;11
Mayapo_Línea de mano fija marina;5,93;10,08;11,2;22
Puerto Arango_Atarraya;7,5;11,4;2,6;4,4
Piedras Blancas_Buceo de langosta;6,38;8,73;9;14
Zapata_Red de enmalle fija marina;3;19,92;6;12
Mayapo_Palangre o espinel de fondo;6,67;9,92;8;49
La Peinada_Buceo de peces;7,08;9,42;1;2
Mayapo_Nasas de Peces;4,17;125,4;6;29
La Gloria_Red de enmalle fija continental;18,12;46,67;2;4
Puerto de Gamarra_Chinchorro continental;11,83;45,21;2;4
Puerto de Gamarra_Chinchorra;22;37,5;3;4
Candelaria (Chimichagua)_Red de enmalle fija continental ciénaga;13,61;40,27;2;7
Candelaria (Chimichagua)_Chinchorra;8,15;16,73;1;2
San Nicolás (Nechí)_Red de enmalle de deriva continental;3;12,32;3;5
San Nicolás (Nechí)_Atarraya;3,5;11,14;2;4
San Nicolás (Nechí)_Red de enmalle fija continental;13,75;19;2;3
San Nicolás (Nechí)_Palangre calandrio;14,06;19;2;3
Rincón del Mar_Línea de mano fija marina;4,41;8,48;4;13
Rincón del Mar_Red de enmalle de encierro marina;3,72;8,93;3;4
Taburetera_Red de enmalle fija continental;14,5;17;2;2
Piedras Blancas_Buceo marino mixto;6,48;8,73;9;13
Arrimadero La Unión_Línea de mano fija marina;10,77;41,28;10;32
Arrimadero La Unión_Red de enmalle fija marina;13,01;42,29;8;18
Arrimadero La Unión_Palangre o espinel de fondo;7;124,55;18;115
Cispataca_Red de enmalle fija continental;16,6;20,13;2;3
Punta de blanco_Red de enmalle fija continental;16,45;20,47;2;3
Popoya Playa_Red de enmalle fija marina;4,57;7,82;4;9
Puerto Chaparro_Red de enmalle de deriva continental;4,5;15;4;6
Puerto Chaparro_Chinchorro continental;13;17,5;3;4
Candelaria (Chimichagua)_Atarraya;7,72;9,5;2;6
Cispataca_Atarraya;5,13;7,5;2;4
La Pedrera_Red de enmalle de deriva continental;10,26;83,77;5;13,8
Puerto Chaparro_Red de enmalle fija continental;15;19,75;2;2
Puerto Chaparro_Nasas de Peces;11,4;14,05;2;3
Puerto Chaparro_Línea de mano fija continental;14,28;20,61;2;4
Puerto Chaparro_Atarraya;4;14,5;2;6
Cabo de la Vela_Línea de mano fija marina;2,34;5,97;5;8
Plaza de mercado (La Dorada)_Atarraya;6;18;2;4
Villa Venecia_Atarraya;5;7,75;1;5
La Punta_Buceo marino mixto;7,13;15,39;2;5
Bocas del Atrato_Red de enmalle fija marina;14,13;15,78;2;5
Puerto Asure_Red de enmalle fija continental;15,13;50,21;2;4
Bocas del Atrato_Palangre o espinel de fondo;16,76;18,73;4;7
Mayapo_Red de enmalle de encierro marina;5,18;8,33;7;15,9
Villa Fátima_Red de enmalle de deriva marina;10,67;12,5;8;12
Puerto Montecristo_Atarraya;7,17;9,33;3;3
San Antonio de Padua_Red de enmalle fija continental;14,66;25,29;2;4
Dorada_Atarraya;6,08;10,28;3;3
Dorada_Red de enmalle fija continental;15,57;18,73;2;2
El Roto_Palangre o espinel de fondo;15,82;19,45;8;45
Puerto Wilches_Chinchorra;21,33;23,5;4;5
Bocas de Seheve_Palangre calandrio;16;18;1;2
Clarinetero_Red de enmalle fija continental;3,56;18,1;4;6
Bocas de Seheve_Chinchorro continental;3,77;7;2;6
Puerto ESSO_Chinchorra;21,83;37,41;4;5
Bocas de Seheve_Red de enmalle fija continental;17;21,42;2;4
Puerto ESSO_Chinchorra nicurera;21,67;23,5;4;5
Bocas de Seheve_Red de enmalle de deriva continental;4;6;4;6
Puerto Principal (Puerto Lleras)_Línea de mano fija continental;9,98;17;3;6
Pueblo Nuevo_Red de enmalle camaronera;56,08;81,99;11;25
Miramar - Bahía Málaga_Red de enmalle de deriva marina;3,65;11,7;2;9,3
Miramar - Bahía Málaga_Red de enmalle fija marina;4;13,2;3;8
San Nicolás (Nechí)_Línea de mano fija continental;13,36;18,1;2;3
La Raya_Atarraya;6,04;8,29;2;4
Méjico_Atarraya;2,88;5,63;2;3
La Raya_Red de enmalle de deriva continental;4,67;7,58;4;4
Méjico_Red de enmalle de deriva continental;3,7;10,83;4;5
Méjico_Línea de mano fija continental;12,68;17,19;2;3
Bocas de Seheve_Atarraya;4;6;2;6
Betania (Montecristo)_Red de enmalle fija continental;15,8;17,55;1;2
Bahía de Cispatá_Arpón;5,5;8;2;2
Berlín_Línea de mano fija continental;14,17;16,58;1;2
Playa Totumo_Red de enmalle camaronera;3,35;51,6;4;10
Margento_Red de enmalle fija continental;15,75;17,33;2;2
Campo alegre_Red de enmalle fija continental;17,9;21,13;1;5
Cecilia_Palangre calandrio;17,63;19,75;2;2
Bazán La Bocana_Red de arrastre artesanal o changa;7,33;33,24;7;11
Santa Clara_Red de enmalle fija continental;15,92;19,5;2;2
Puerto Serviez_Red de enmalle de deriva continental;4,3;25,45;4;6,1
Puerto Serviez_Atarraya;6,12;12;2;5
Puerto Serviez_Palangre calandrio;14;45,19;4;6
Mapiripán_Línea de mano fija continental;0,92;9,15;3,6;11,9
Mapiripán_Palangre calandrio;10,44;45,12;6;13
Puerto Serviez_Chinchorra;11;14,7;4;4
San Luis_Red de enmalle fija continental;16,15;20,92;2;5
Mapiripán_Red de enmalle de deriva continental;0,9;12,94;7;16
Comercializadores independientes (Guapi)_Red de enmalle fija marina;8,71;89,08;6;10
Chicopez_Red de enmalle fija marina;35,11;99,33;7,9;12
Codis_Atarraya;6,96;15;4;17,2
Casco urbano Roma_Red de enmalle fija continental;15,25;19,23;2;2
Agropez_Línea de mano fija marina;8;17,83;10;27
Mercado (Lorica)_Red de enmalle fija continental;17;21,83;2;2
Pueblo Lindo o Caimanera_Red de enmalle fija continental;15,25;18,53;2;4
Agropez_Red de enmalle fija marina;9,5;18;10;49
La Grande_Red de enmalle fija continental;15,75;19;3;7
Pueblo Lindo o Caimanera_Atarraya;6,22;9,76;2;4
Agropez_Atarraya;8;11,33;5;20
Barrio La Unión_Red de enmalle fija marina;3,37;19,67;4;12
Berrugas_Buceo de peces;3,33;7;6;7
Muelle Hong Kong_Red de enmalle fija continental;2,46;53,06;2;2
Muelle Hong Kong_Línea de mano fija continental;2;26,09;2;2
Barrio La Unión_Palangre o espinel de fondo;6,17;19,74;5;22
Barrio Chino_Línea de mano fija continental;10,66;13,67;1;2
Puerto Principal (Puerto Lleras)_Palangre calandrio;15;18;3,4;6
Jodedor_Red de enmalle de deriva marina;12;16;4;60
Jodedor_Red de enmalle de encierro marina;4;7;8;20
San José_Red de enmalle fija continental;14,33;18;2;2
San José_Atarraya;2,83;7;2;2
San José_Nasas de Peces;14;16,33;2;3
Palanca_Red de enmalle de deriva continental;3;9,5;4;4
Palanca_Palangre calandrio;10,83;13,83;1;1
Lomita Arena_Red de enmalle fija marina;9,5;17,68;5;13
La Raya_Palangre calandrio;14,64;16,83;1;2
Arquimedes_Línea de mano fija marina;5,5;8,17;4;23
Arquimedes_Atarraya;5;7,97;4;15
Locadía_Línea de mano fija marina;5,5;15;8;19
El Muelle (Barrancabermeja)_Red de enmalle de deriva continental;14,45;25,5;2;8
El Muelle (Barrancabermeja)_Atarraya;13,39;47,02;1;4
Codis_Red de enmalle fija marina;6,41;19;10;28
El Muelle (Barrancabermeja)_Chinchorra;13,77;45,26;1;6
Palanca_Red de enmalle fija continental;14,83;19,67;2;3
Vigía_Red de enmalle zangarreo;4,02;13,81;7,8;18
Puerto Antequera_Red de enmalle fija continental ciénaga;17,35;20,75;1;2
La Raya_Red de enmalle fija continental;14,17;18,58;2;2
Palomar_Línea de mano fija continental;14;18;2;2
Palomar_Atarraya;1;7;2;2
Puerto Montecristo_Red de enmalle fija continental;16,5;18,67;1;2
Puerto Arriba (Dibulla)_Red de enmalle fija marina;7,75;17,89;4;14
Puerto Barrio El Progreso_Red de enmalle fija continental;7,5;15,5;3;6
Palanca_Atarraya;2,25;5,39;2;3
Puerto Bello_Red de enmalle fija continental;16,17;19;2;4
Vigía_Red de enmalle camaronera;3,7;8;12;15
Puerto de Bolombolo_Palangre calandrio;14,25;17,92;2;2
Puerto de Bolombolo_Atarraya;4,17;9,33;3;4
Vigía_Línea de mano fija marina;8,15;63,9;28,4;76,8
Puerto Principal (Leticia)_Red de enmalle fija continental;4;35,67;3;5
Muelle Pescadores (Puerto Boyacá)_Chinchorra;12;24;2;3
Puerto de los Jhonsons (Puerto Boyacá)_Palangre calandrio;13,5;17,75;2;3
Milagros de la Mar_Palangre o espinel de fondo;17,67;26;22;306
Orpua_Palangre o espinel de fondo;5,94;15,91;5;9
Honda_Atarraya;4;31,6;3;6
Santa Clara_Red de enmalle de deriva continental;4;8,5;4;6
Taganga_Nasas de Peces;11;611;14;14
Cangrejito_Palangre o espinel de fondo;7,87;19,5;5;90
Cangrejito_Línea de mano fija marina;6,4;10,58;4;10
Santa Clara_Atarraya;3,5;6,52;2;2
Puerto López_Red de enmalle fija continental;15,84;18,33;2;4
Villanueva_Red de enmalle de encierro continental;5,17;14,62;4;5
Nueva Estrella_Red de enmalle fija continental;16,75;20,5;2;3
Nueva Estrella_Atarraya;3,58;10,96;2;5
Nueva Estrella_Palangre calandrio;12,59;21,04;1,5;3
Nueva Estrella_Red de enmalle de deriva continental;4,98;10,1;4;6
Pesquera Punta Reyes_Red de enmalle de deriva marina;14,24;90,54;18,8;35
Uldarico_Red de enmalle de deriva marina;15,97;15,97;32;32
Pesquera Punta Reyes_Palangre o espinel de fondo;14,54;105,39;34,5;107,8
Nueva Estrella_Red de enmalle de encierro continental;7,88;12,5;2;5
El Puerto (Puerto Carreño)_Palangre calandrio;12,74;117,9;3,1;19,7
Guacamayo_Palangre calandrio;14;16,66;2;4
Guacamayo_Red de enmalle fija continental;16,67;21,38;1;2
Santa Clara_Palangre calandrio;16,29;20,09;2;2
La Rampa (Barrancabermeja)_Nasas de Peces;15,84;19;2;5,7
La Rampa (Barrancabermeja)_Red de enmalle de deriva continental;14,8;21,86;2,8;6,2
Miramar - Bahía Málaga_Palangre o espinel de fondo;11,6;25;6;30
Puerto de desembarco (Mitú)_Palangre calandrio;9,04;17,2;10,3;12
Puerto Cabuyaro_Red de enmalle fija continental;10,55;28,98;4;7
Puerto de desembarco (Mitú)_Línea de mano fija continental;6,67;12,25;10;12
Puerto de desembarco (Mitú)_Arpón;3,34;21,45;12;12
Pesquera Torres Mar_Red de arrastre artesanal o changa;8,09;9,99;27;32
Comercializadora Anabel_Red de arrastre artesanal o changa;8,17;9,71;28,4;32
Guineal_Línea de mano fija marina;3,33;7,97;2;7
Plaza de mercado (La Dorada)_Atarraya rastra;10,09;11,75;2,8;4
Puerto de las Canoas (Puerto Berrío)_Red de enmalle de deriva continental;7,47;92,8;2;10
Puerto del Pescado (San José Del Guaviare)_Palangre calandrio;2,55;17,55;5;15,3
Honda_Línea de mano fija continental;5;13;3;6
Usaragá_Línea de mano fija marina;2;7,07;7,3;18
Guazo_Palangre calandrio;15,59;21,4;3;6
Marralú_Red de enmalle fija continental;15;19,75;1;4
La Tranca_Red de enmalle fija continental;14,78;18,63;2;3
Buenavista (La Dorada)_Línea de mano fija continental;10,83;22,17;1;3
Montaño_Red de enmalle fija continental;15,83;25,3;3;4
El Muelle (Puerto López)_Palangre calandrio;19,8;97,4;2;3
Pueblo Nuevo_Red de enmalle de deriva marina;80,1;240,21;6;40
El Pájaro_Red de enmalle fija marina;6,5;15,5;4;10
Puerto Serviez_Atarraya rastra;6,3;12,52;5;8,3
Puerto Miraflores_Red de enmalle fija marina;1,17;14,81;8;18
Puerto Amor_Atarraya;0,86;5,31;2;3,7
Puerto Miraflores_Línea de mano fija marina;10,51;20,05;18;32
Santuario_Arpón;5,12;14,75;3;5,8
Méjico_Palangre calandrio;12,53;16,76;2;3
Méjico_Red de enmalle fija continental;13;18,27;2;3
Morrosquillo_Buceo de peces;1,45;4,15;9,4;13,3
Puerto Ciénaga de Paredes_Nasas de Peces;13,08;16,9;3;5
Paujil_Arpón;9,35;37,45;1,4;19,2
Las Balsas_Palangre calandrio;23,32;74;2;3
Guazo_Chinchorro continental;5,53;12,43;3;6
La Gloria_Nasas de Peces;18,18;21,75;2;4
Orpua_Red de enmalle camaronera;5,67;11,77;10;13
Honda_Nasas de Peces;6;12,5;3;6
Juanchaco_Línea de mano fija marina;8,51;13,5;11;68
Puerto Colorado_Chinchorro continental;2,33;5,5;2;2
Margento_Línea de mano fija continental;14,73;15,92;1;1,8
La Punta_Palangre o espinel de fondo;13,13;17,73;4,4;28,1
Puerto Principal (Puerto Lleras)_Atarraya;1,85;8,3;2;5
Puerto Principal (Puerto Lleras)_Red de enmalle de deriva continental;2;8;4;6
Palomar_Palangre calandrio;14,22;18;2;2
Cartagena del Chairá_Palangre calandrio;13;39,5;3;5
Barrio La Unión_Nasa de jaibas;5,58;6,92;1;1
Bahía de Santa Marta_Chinchorro de jala playa;4,78;9,55;18,2;35,3
Berrugas_Línea de mano fija marina;4,25;10,15;7;9
Morrosquillo_Línea de mano correteo curricán o trolling;3,15;6,33;7,4;17
Jodedor_Red de enmalle fija marina;4,67;17,67;6;30
Milagros de la Mar_Red de enmalle fija marina;5,5;18,78;4,8;56,4
Puerto de Gamarra_Atarraya;10,53;23;3;4
Puerto de Gamarra_Línea de mano fija continental;11,48;24,42;2;4
Puerto de Gamarra_Red de enmalle fija continental;11,33;25;3;4
Betania - Naya_Red de enmalle de deriva marina;6,3;10,94;3;5
Las Delicias_Red de enmalle de deriva marina;13,76;13,99;11,1;12,9
Codis_Línea de mano fija marina;5,3;9,17;6;17
Pesquera Aspabab_Red de enmalle fija marina;8,14;23,73;5;11
Galería (Guapi)_Palangre o espinel de fondo;13,55;33,8;12,5;48,5
La Sierpe - Bahía Málaga_Línea de mano fija marina;3;9;6,6;19,1
Chamón_Palangre o espinel de fondo;34,23;184,6;31,8;122
Timbiquí_Red de enmalle fija marina;7,42;11,28;8;11
Chacón_Red de enmalle fija marina;7,75;11,83;8;10,1
Aparca_Atarraya;7;12,33;2;6
La Sierpe - Bahía Málaga_Red de enmalle de deriva marina;3,1;6,7;6,3;9
La Sierpe - Bahía Málaga_Palangre o espinel de fondo;14,75;19,75;8,5;30
La Sierpe - Bahía Málaga_Red de enmalle fija marina;4;15;3;9,8
Chamuscado - Naya_Red de enmalle de deriva marina;4,53;10,77;3;4
La Plata - Bahía Málaga_Red de enmalle de deriva marina;3,4;7,6;4,2;10
Mangaña - Bahía Málaga_Red de enmalle de deriva marina;6;6;3;3
Santa Cruz - Naya_Red de enmalle de deriva marina;6,7;10,2;3;4
Puerto Serviez_Red de enmalle fija continental;9,05;44,85;4,7;7
Paujil_Palangre calandrio;11,35;111,45;1,4;15
La Rampa (Barrancabermeja)_Atarraya;16,16;47,19;2;5
Agropesur_Red de arrastre artesanal o changa;10,34;10,49;27;27
La Rampa (Barrancabermeja)_Chinchorra;12,87;44,58;1;6
Puerto Cabuyaro_Atarraya;6;23;3;7
Belén (San Marcos)_Chinchorra;8,25;10,67;2;2
Río San Miguel_Red de enmalle fija continental;5,02;14,64;2;12
Río San Miguel_Línea de mano fija continental;1;13;2;12
Palanca_Línea de mano fija continental;3;5,2;1;2
Macurutú - Saloa_Atarraya;6,19;10,29;2;3
Malecón (Puerto Gaitán)_Red de enmalle fija continental;17,5;119,8;5;9
Berrugas_Palangre o espinel de superficie;5,89;11,47;1;10
Malecón (Puerto Gaitán)_Red de enmalle de deriva continental;18;95;3;8,8
Tasajera La Playa_Red de enmalle de encierro marina;6;12;11;36
Puerto Rico [Meta]_Red de enmalle fija continental;11,3;15,12;6;8
Malecón (Puerto Gaitán)_Palangre calandrio;19;138,88;3;10
Casco Urbano (Arauca)_Red de enmalle fija continental;8,43;115,9;6;10
Monserrate_Atarraya;7,23;51,42;4;10
Puerto (Orocué)_Palangre calandrio;24,78;61,38;5;10
Buenavista (La Dorada)_Red de enmalle de deriva continental;2,33;13,88;2;4
Buenavista (La Dorada)_Atarraya;2,38;9,94;2;4
Puerto Colorado_Red de enmalle de deriva continental;3,25;5,83;4;4
Guazo_Línea de mano fija continental;3,2;8,08;3;9,2
Clarinetero_Red de enmalle de deriva continental;16,18;18,43;4;4
Muelle Las Flores_Red de enmalle de encierro continental;11;11;7;7
Muelle La Samaritana_Línea de mano fija marina;4,95;19,67;8;68,4
Muelle Las Flores_Línea de mano fija marina;6,12;13;8;105
Puerto Rico [Meta]_Red de enmalle de deriva continental;5,5;15;6;9
Casco Urbano (Arauca)_Atarraya;7,2;87,73;4;10
Pesquera Aspabab_Línea de mano fija marina;5,03;45,23;5,2;14,2
Pesquera Aspabab_Palangre o espinel de fondo;3,78;22,27;5;18
Cartagena del Chairá_Atarraya;14,55;40;1;3
San José_Chinchorra;6;10;2;2
Sivirú_Palangre o espinel de fondo;1,96;10,07;1;2,5
Muelle Pescadores (Puerto Boyacá)_Atarraya;12;24;2;3
Puerto de los Jhonsons (Puerto Boyacá)_Atarraya;13,7;21,3;2;3
Paujil_Red de enmalle fija continental;9,7;114,8;2;20
Monserrate_Línea de mano fija continental;4,12;18,25;6,2;10
Puerto (Orocué)_Línea de mano fija continental;19,38;84,31;5;5
Guazo_Atarraya;2,46;8,27;2,5;20
Río San Miguel_Arpón;3;25,12;2;8
Pantuuchitu_Nasas de Peces;14,18;49,25;5,8;8,2
Punta Bonita_Red de cerco;6,46;11,5;9,8;12
La Boquilla_Red de enmalle fija marina;9,5;15,5;2;14
La Boquilla_Línea de mano fija marina;5;14,25;13;38
Puerto La Candelaria_Red de enmalle de deriva continental;1,54;17,47;3;4
Berrugas_Red de enmalle fija marina;6,2;12,74;4,3;6
La Boquilla_Chinchorro marino;2,75;8;6;6
Puerto Wilches_Chinchorra nicurera;21,29;23,17;4;5
Bazán La Bocana_Red de enmalle fija marina;6,21;40,35;8;10
Muelle Pescadores (Puerto Boyacá)_Palangre calandrio;11,46;16,44;2;3
Puerto de los Jhonsons (Puerto Boyacá)_Chinchorra;13,82;18,07;2;3,4
Sempegua_Chinchorro continental;7,75;15,5;2;2
Bocas del Atrato_Flecha;9,57;11,8;2;3
Doña Ana_Palangre calandrio;12,42;15,25;2;2
Margento_Red de enmalle de deriva continental;3;6,21;4;4
Pizarro_Palangre o espinel de fondo;4,67;236,52;5;217,2
Puerto Rico [Meta]_Atarraya;4;12,88;6;6
Las Delicias_Palangre o espinel de fondo;10,22;18,24;14;72
Puerto Asure_Palangre calandrio;14,91;71,43;2;8
Jodedor_Línea de mano fija marina;13;40,99;25;60
Pesquera Friopez_Red de cerco artesanal o ruche;10,91;13,25;9,3;16,2
Muelle Hong Kong_Atarraya;2;6,33;2;2
Juanchaco_Red de enmalle de deriva marina;13,37;15,19;11;29
Monserrate_Red de enmalle fija continental;8,46;58,36;6;10
Las Flores_Atarraya;7,86;34,7;2;3
Monserrate_Chinchorro continental;10,44;71,29;6;8
La Pedrera_Arpón;11,32;73,18;2;8
Policía fluvial (Quibdó)_Red de enmalle fija continental;15,03;19,83;6;9
Casco Urbano (Arauca)_Palangre calandrio;14,17;207,9;6;8
Casco Urbano (Arauca)_Línea de mano fija continental;3,97;103,35;4;10
Puerto Boquillas_Chinchorro continental;4,45;17,45;2;4
Puerto Montecristo_Flecha;10,5;10,5;2;2
Rincón del Mar_Nasa de langostas;123,79;243,63;16;35
San Alejandro_Red de enmalle fija continental;15,83;27,5;4;12
Muelle Hong Kong_Palangre calandrio;3,41;75,02;2;2
Corozal_Red de enmalle fija marina;7,97;11,66;8;10
La Mata_Chinchorra;12,92;16,95;2;4
Lamas_Red de enmalle de encierro continental;4,66;9,17;1;2
Pueblo Nuevo_Palangre o espinel de fondo;169,65;346,7;58;180
Playa Necoclí_Red de enmalle de encierro marina;3,6;36,4;4;5
Robles_Red de enmalle de encierro continental;4,69;9,17;1;1
La Mata_Chinchorro continental;13;16,3;2;4
Casco Urbano (Arauca)_Chinchorro continental;12,43;157,04;4;8
Playa de Arusí_Arpón;6,51;7,16;10,3;15,7
Mapiripán_Chinchorro continental;4,19;16,98;5;10,8
Playa de Arusí_Red de enmalle fija marina;2,4;4,5;6;7
Milagros de la Mar_Chinchorro marino;5,42;7,69;11;56
Bazán La Bocana_Red de enmalle de deriva marina;28,12;219,25;7;15
Malecón (Puerto Gaitán)_Atarraya;13,12;90,28;4;12
Guacamayo_Chinchorro continental;5;12;1;4
Puerto del Pescado (San José Del Guaviare)_Red de enmalle fija continental;2;15,32;8;16,1
Berlín_Palangre calandrio;14,33;16,75;1;4
Puerto del Pescado (San José Del Guaviare)_Línea de mano fija continental;1,91;12,42;6,1;7,9
Villa Venecia_Red de enmalle de encierro continental;5,5;8,88;1;2
La Plata - Bahía Málaga_Línea de mano fija marina;2,35;5,65;10,4;25,8
Mangaña - Bahía Málaga_Palangre o espinel de fondo;14,9;21,4;2,3;33,5
Doña Ana_Red de enmalle de encierro continental;4;15,2;2;2
Costilla_Chinchorro continental;9,42;15,33;2;2
Puerto Franco_Red de encierro rastra;11;17,69;2;2
Piedras Blancas_Nasas de Peces;8,01;8,18;13;13,9
La Charca de Guarinocito_Chinchorra;4,07;5,23;2;2
Nueva Estrella_Chinchorro continental;8,5;12,84;2;2
Mercado (Lorica)_Palangre calandrio;13,3;16,38;2;2,1
Pesquera Luz Mar_Red de enmalle fija marina;20,09;94,72;9,2;15,1
Palanca_Chinchorro continental;1,83;6,35;2;2
Galería (Guapi)_Red de enmalle fija marina;39,2;99,17;7,6;40,4
Puerto Asure_Chinchorra;7;48,92;1;2
Bahía de Cispatá_Nasa de jaibas;4,5;7,5;1;2
Miramar - Bahía Málaga_Línea de mano fija marina;4;9;7;19,8
Puerto Boquillas_Red de enmalle de deriva continental;3,5;3,5;15;15
Puerto Principal (Leticia)_Línea de mano fija continental;8,2;16,9;4;4
Rincón_Red de enmalle de encierro continental;5,24;8,25;1;2
La Plata - Bahía Málaga_Palangre o espinel de fondo;4,5;17,7;5;23,5
Mangaña - Bahía Málaga_Red de enmalle fija marina;2;11,15;3,7;9
Mangaña - Bahía Málaga_Línea de mano fija marina;3,2;6,8;15,1;19,6
Puerto Barrio El Progreso_Red de enmalle de deriva continental mallona;9,5;13,5;4;7
Las Tenazas_Línea de mano fija marina;4;6,48;9;15
Bazurto_Línea de mano fija marina;13,25;17,85;10;20
Bazurto_Red de enmalle fija marina;13,17;17,9;10;27
Mamón_Red de enmalle de encierro continental;6,69;9;1;1
Doña Ana_Chinchorro continental;12,5;14,47;2;4
Puerto Colorado_Atarraya;2;4,22;2;2
La Gloria_Red de enmalle de encierro continental;5,71;15,02;2;2
Puerto Abajo (Dibulla)_Línea de mano fija marina;4,33;14,95;3,1;14,2
Pesquera Friopez_Red de enmalle fija marina;16,72;49,47;8,6;16,2
Palanca_Red de enmalle zangarreo;6,15;8,85;2;2
Las Flores_Red de enmalle fija marina;8;19;11;50,2
Taburetera_Atarraya;2;6;2;2
Vida Tranquila_Red de enmalle de deriva continental;2,24;18,55;2;6
Punta de blanco_Red de enmalle de encierro continental;7,46;14,39;2;2
Palenquito_Red de enmalle fija continental;13,67;18,67;2;4
Palenquito_Palangre calandrio;14,6;18,9;2;10
Casco urbano Roma_Atarraya;2;6,25;2;2
Honda_Chinchorra;11;20,88;4;6,5
Mantequera_Red de enmalle de deriva continental;1,83;13,54;2;4
Nueva Colonia_Flecha;9,33;16,62;2;2
La Tranca_Red de enmalle zangarreo;5;11,17;1;2
San Nicolás (Santa Cruz De Mompox)_Chinchorro continental;8,48;11,05;2;2
Muelle Pescadores (Puerto Boyacá)_Atarraya chile;12,06;24;2;3
El Puerto (Puerto Carreño)_Red de enmalle fija continental;13,3;89,53;4;15
Taganga_Ballestilla/Palangre parguera;72,3;356,85;70,5;185
Juanchaco_Línea de mano correteo curricán o trolling;8,02;10,77;11;34
Puerto Amor_Chinchorra;2,3;33,11;1;3,2
Clarinetero_Chinchorro continental;15,17;41,04;3;4
Puerto del Cerrito_Chinchorro continental;7,4;23;2;3
Yaguará_Arpón;6,26;6,49;3;3
Puerto Chaparro_Palangre calandrio;14,83;19,5;2;3,2
Plaza de mercado (Tumaco)_Red de enmalle fija marina;17,38;35,26;6,8;18,5
Casino_Red de enmalle fija marina;13,09;114,4;10,2;41,6
La Boquilla_Atarraya;3,25;6,75;1;2
La Boquilla_Palangre o espinel de fondo;9;17;2;11
Puerto Principal (Puerto Lleras)_Red de enmalle fija continental;13;17;4;7
San Miguel (Puerto Gaitán)_Palangre calandrio;12,25;46;5;9
Chamón_Red de enmalle fija marina;60,94;194,1;17,9;97,8
Playa Nueva_Línea de mano fija marina;4,43;31,66;30,6;155,4
La Plata - Bahía Málaga_Red de enmalle fija marina;4;16;3;8,8
Corozal_Red de enmalle de encierro continental;8,54;11,5;8,8;10
Orpua_Red de cerco;3,1;5,78;3;5
Río San Miguel_Red de enmalle de deriva continental;1;8;2;8
Puerto Asure_Atarraya;1,26;5,65;2;5
Milagros de la Mar_Red de enmalle de encierro continental;3,54;4,21;12,3;17,7
Punta de blanco_Atarraya;4,43;10,54;2;2
Pueblo Nuevo_Línea de mano fija marina;101;101;20;20
Timbiquí_Red de enmalle de encierro continental;8,09;11,36;8,5;10,2
Buenavista (La Dorada)_Red de enmalle de encierro continental;5,95;9,78;3,3;5
La Gloria_Chinchorro continental;11,97;22,83;3;5
Puerto Franco_Atarraya;4,17;8,5;1;2
Puerto Amor_Palangre calandrio;5,94;72,64;2;12
Quiroga_Red de enmalle fija marina;10,81;15,85;5;5
Puerto de las Canoas (Puerto Berrío)_Chinchorro continental;13,68;69,63;2;4,2
Guacamayo_Red de enmalle de deriva continental;6,2;14,25;2,2;3,8
Pesquera Friopez_Palangre o espinel de fondo;150,25;150,25;20;20
Betania (Montecristo)_Atarraya;6,92;10,1;1;2
San José_Red de encierro rastra;5,59;9,17;2;2
Puerto López_Chinchorro continental;6;9,17;1;1
Puerto Boquillas_Atarraya;2,25;12,95;2;2,8
Puerto López_Palangre calandrio;15,69;15,98;1;1
Playa Nueva_Red de enmalle de encierro continental;6,83;9,07;14;21,2
Las Delicias_Buceo de langosta;5;10,27;4;16
Clarinetero_Línea de mano fija continental;2,67;14,32;4;6
Puerto Arriba (Dibulla)_Palangre o espinel de fondo;6,42;9,08;7;30
Vida Tranquila_Palangre calandrio;7,23;22,3;2;4
Isla Fuerte_Nasas de Peces;5,94;26,6;12,8;100
Marralú_Red de enmalle de encierro continental;5,05;11,97;3;4
Puerto (Orocué)_Red de enmalle de deriva continental;18,25;55,38;5;5,9
Chacón_Red de enmalle de encierro continental;8,24;11,32;7;9,6
Bocanegra_Chinchorro marino;2;8,5;5;6
Vida Tranquila_Red de enmalle fija continental;15,18;20,67;2;6
Caño Mina_Palangre calandrio;2,08;2,17;4,2;6,8
El Puerto (Puerto Carreño)_Línea de mano fija continental;41,87;118,98;3,9;10
El Muelle (Barrancabermeja)_Palangre calandrio;16,24;25,93;1;4,8
La Gloria_Atarraya;8,83;10,81;2;3
Puerto Miraflores_Palangre o espinel de fondo;2,24;75,85;17,4;56,5
Loma - San Sebastián_Atarraya;3,67;9,67;2;4
Pueblo Nuevo_Red de cerco;9,93;11,23;10;10
Pesquera Luz Mar_Red de cerco artesanal o ruche;12,75;12,75;8;8
Puerto Antequera_Chinchorro continental;7,88;13,11;1;1
Orpua_Línea de mano fija marina;1,5;10,8;4;7,8
Puerto Real - Saloa_Chinchorra;8,12;13,34;1;2
Pueblo Nuevo_Nasa de jaibas;50;50;1;1
Puerto ESSO_Chinchorra mallona;22,33;46,67;4;5
La Rampa (Barrancabermeja)_Atarraya rastra;21,17;21,17;4;4
Mantequera_Red de enmalle fija continental;15,25;21,42;2;6
Damaquiel_Palangre o espinel de fondo;14,41;21,82;5,7;18,4
Mayapo_Buceo marino mixto;4,92;7,92;6;13
El Puerto (Puerto Carreño)_Chinchorro continental;37,87;47,7;1;1
Cispataca_Red de enmalle de encierro continental;5,95;17,2;2;2
Aparca_Arpón;8,5;29,5;3;5
Santuario_Palangre calandrio;4,15;51,84;2;4
Plaza de mercado (La Dorada)_Línea de mano fija continental;8,8;24,5;3;4
Bazán La Bocana_Red de enmalle camaronera;8;142,25;7;15
Puerto Wilches_Chinchorra mallona;21,33;46,42;4;5
Puerto Chaparro_Cóngolo;7,76;7,99;2;2
Puerto Bello_Chinchorro continental;14,18;18,2;2;2
Puerto Barrio El Progreso_Atarraya;6,5;14,5;3;5
Puerto Cabuyaro_Línea de mano fija continental;15,5;21,88;5,2;6
Puerto Amor_Red de enmalle de encierro continental;6;6;2;2
Bahía de Santa Marta_Buceo de peces;1,38;5,26;18;23
Muelle La Esmeralda_Línea de mano fija continental;5,02;5,08;2;2
Limones_Red de enmalle camaronera;8,33;13,2;2;13,2
Quiroga_Red de enmalle camaronera;8,83;13,5;2;4
Mapiripán_Red de enmalle fija continental;8,53;14,35;9;16
Puerto Barrio El Progreso_Chinchorra;13,5;15,5;4;7
La Playa (El Banco)_Nasas de Peces;15;18,5;3;6
Puerto de Gamarra_Palangre calandrio;13,16;24;2;4
Puerto Barrio El Progreso_Línea de mano fija continental;13,9;15,5;4;6
Pesquera Ricuras del Mar_Red de enmalle fija marina;29,67;29,67;12;12
San Nicolás (Santa Cruz De Mompox)_Palangre calandrio;14;17,44;2;4
Mercado (Lorica)_Buceo de peces;3,84;7,12;2;2
Puerto Boca_Atarraya;5,97;12,45;1;3
Chapundun_Red de enmalle fija continental;12;16,5;2;6
Santuario_Red de enmalle fija continental;10,63;17,62;2,8;4
Puerto de desembarco (Barrancominas)_Red de enmalle de deriva continental;5,5;16,5;7;11
Zapata_Red de enmalle camaronera;5,48;32,03;5;11
Puerto Asure_Red de enmalle de encierro continental;7;18,5;1,2;2
Pesquera Punta Reyes_Red de enmalle camaronera;8,76;14,96;4,6;10
Uldarico_Palangre o espinel de fondo;45,74;113,58;55,7;71,9
El 48_Red de cerco artesanal o ruche;11,2;11,2;80;80
Puerto ESSO_Línea de mano fija continental;21,67;46,79;4;6
San Miguel (Puerto Gaitán)_Red de enmalle fija continental;7,33;63,08;3;7
El Pedral_Red de enmalle de deriva continental;2,43;12,55;2;3
El Pedral_Atarraya;2;7;2;3
Chontal_Red de enmalle fija marina;1;7,45;3;8,9
Puerto Asure_Nasas de Peces;14,25;19,53;2,8;8
Casco Urbano (San Juan de Urabá)_Red de enmalle fija marina;8,5;31,38;4;23
Sapzurro_Línea de mano fija marina;2,3;13,8;13;200
Puerto Triunfo_Atarraya;3,73;14,81;4;5
Puerto Triunfo_Atarraya rastra;9,57;10,81;5,1;7,8
Puerto Triunfo_Palangre calandrio;5,25;21,27;1;3
Nueva Colonia_Buceo de peces;5,82;9,33;6;7,7
Jurubirá_Línea de mano fija marina;3,19;10,23;8;40
Sapzurro_Red de enmalle fija marina;9,6;24,05;13;15
Jurubirá_Palangre o espinel de fondo;3,82;9,83;15;80
Marriaga_Red de enmalle fija continental;14,23;19,01;2;8
Ciénaga del Totumo_Atarraya;5,22;9,85;2;3
La Coquerita_Línea de mano fija marina;4,22;9,82;8;18
Primera Ensenada_Atarraya;1,13;1,13;2;2
Primera Ensenada_Palangre o espinel de fondo;5,26;16,51;10,4;20
Primera Ensenada_Línea de mano fija marina;4,46;21,27;8;40
Ciénaga del Totumo_Buceo de peces;3,51;6,62;1;4,7
El Pedral_Cóngolo;3,86;5,41;2;2
El Puerto (Puerto Carreño)_Red de enmalle de deriva continental;10,83;10,83;14;14
Uveros_Red de enmalle camaronera;6,24;13;2;10,1
Mantequera_Palangre calandrio;15,67;23,33;2;4
Puerto Triunfo_Red de enmalle de deriva continental;16,23;19,65;3;3
Sapzurro_Línea de mano correteo curricán o trolling;1,75;4,58;13;25
Damaquiel_Red de enmalle camaronera;7,5;13;4;13,3
El Pedral_Línea de mano fija continental;2,21;14,73;2;3
Lomita Arena_Línea de mano fija marina;3,28;7,96;20;100
Uldarico_Red de enmalle camaronera;7,91;9,52;5;7,7
El 48_Red de enmalle camaronera;7,8;8,23;6;6
Cabo Marzo_Línea de mano fija marina;49,92;169,42;30,6;38
Puerto (Arauquita)_Atarraya;3,2;11;2;6
Cabo Marzo_Palangre o espinel de fondo;101,93;251,82;60;98
Lomita Arena_Chinchorro marino;3,3;8,34;4;9,9
Playa Nueva_Red de enmalle camaronera;5,45;9,37;4;39
Puerto Triunfo_Chinchorra;6,84;39,98;1;3
Puerto de desembarco (Barrancominas)_Red de enmalle fija continental;5,59;65,92;7,2;9,5
Docordó_Red de enmalle fija marina;8;18,5;3;36
Chapinero_Red de enmalle fija continental;13,5;17,82;2;4
Costilla_Nasas de Peces;13,25;16,42;2;3
Sapzurro_Buceo de peces;2,38;6;6;13
Pesquera Punta Reyes_Red de cerco artesanal o ruche;8,74;11,1;7,2;19,4
Docordó_Red de enmalle de deriva marina;4,72;11,05;4;54
Docordó_Palangre o espinel de fondo;7,21;63,92;7,7;270
Casco urbano Roma_Flecha;2,5;9,62;2;2
Chontal_Recolección manual de piangua;3;3;2;2
Chontal_Palangre o espinel de superficie;1,39;5,34;4;24,1
Chontal_Red de enmalle camaronera;2,02;2,31;20,8;34,2
Chontal_Red de arrastre;1,59;6,65;3;20
Chontal_Palangre o espinel de fondo;1,77;4,96;4;6
Chontal_Red de enmalle de encierro continental;2;2;5,2;7,8
Chontal_Red de cerco artesanal o ruche;2;4,98;5;6
Chontal_Chinchorro marino;3;3;15;15
Quiroga_Chinchorro camaronero;6,72;10,83;1,1;4,6
Chontal_Línea de mano correteo curricán o trolling;2,43;6,25;4;4,9
Agropesur_Palangre o espinel de fondo;7,5;7,5;25;25
Chontal_Línea de mano fija marina;2,53;2,97;3,1;4,9
Tribugá_Red de enmalle fija marina;3;14,94;3;3
Tribugá_Línea de mano fija marina;3;12,18;6;10
San Antonio de Padua_Red de enmalle de deriva continental;1,14;11,04;2;6
Puerto Arango_Red de enmalle fija continental;4,67;4,67;5;5
Barrio La Unión_Línea de mano fija marina;3,17;7,33;5;9
Docordó_Línea de mano;10,1;11,2;12,6;16,8
Lomita Arena_Red de enmalle de encierro marina;3,08;7,79;7;14
Arrimadero La Unión_Red de enmalle marina de fondo;12,15;15,59;6;12
Playa Totumo_Palangre o espinel de fondo;34,9;78;5,8;50
Casco Urbano (San Juan de Urabá)_Red de enmalle camaronera;8,77;16,4;2;3,6
Puerto Miraflores_Red de enmalle marina de fondo;1,03;4;5;15
El Muelle (Barrancabermeja)_Línea de mano fija continental;15,01;18,46;3,1;4,9
La Gloria_Línea de mano fija continental;18;22,5;3;5
Bahía de Santa Marta_Palangre o espinel de fondo;1,93;5,7;28;34,8
Pueblo Nuevo (Barrancominas)_Línea de mano fija continental;4,09;10,43;1;10,8
Monserrate_Palangre calandrio;19,75;19,75;8;8
Ciénaga de Mesolandia_Red de enmalle fija continental;13;15,17;2;3
Pueblo Nuevo (Barrancominas)_Palangre calandrio;6,17;19,79;1;17
Miramar - Bahía Málaga_Palangre o espinel de superficie;14,6;21,4;2,1;18,2
La Sierpe - Bahía Málaga_Palangre o espinel de superficie;17,05;17,95;3;3
Muelle Principal (Puerto Leguízamo)_Red de enmalle de deriva continental;3,07;20,68;4;7
El 48_Palangre o espinel de fondo;67,98;68,55;76;107,5
Arroyito_Palangre o espinel de fondo;4,75;7,15;11;12
Buchadó_Red de enmalle fija continental;15,23;20,92;3;5
Pueblo Nuevo (Barrancominas)_Red de enmalle fija continental;4,29;19,29;3;17
Ciénaga de Mesolandia_Atarraya;3,5;8;2;3
Tagachí_Red de enmalle fija continental;14,86;26,41;1;3
Tagachí_Cóngolo;17,24;24,59;2;2
Tagachí_Red de enmalle de deriva continental;2,41;12,99;6,9;12
Bahía de Cispatá_Red de arrastre artesanal o changa;7,98;10,67;2;6,2
Curvaradó_Red de enmalle fija continental;17;20,47;8;8
Punta Bonita_Red de enmalle fija marina;3,58;11,74;4;5
Buchadó_Línea de mano fija continental;16,33;20,09;3;5
Isla Fuerte_Red de enmalle de encierro marina;5,2;8;9,3;24
Barrio Abajo (Ciénaga)_Palangre o espinel de fondo;7,17;12,58;13;41,6
El Llanito_Línea de mano fija continental;7,27;7,56;2;2
Chontal_No definido;1,51;1,66;5;6
El Muelle (Puerto López)_Red de enmalle de deriva continental;18;81,3;2;3
La Punta - Firme Cifuentes_Red de enmalle de encierro continental;2,6;12,5;9;28,8
Caño Lobo_Arpón;8;8,43;2;2
Puerto Wilches_Línea de mano fija continental;21,17;22,83;4;5
La Punta - Firme Cifuentes_Red de enmalle camaronera;4;8,33;5;23
Laguna Colorada_Palangre calandrio;8,04;18,25;1;14
Puerto Abajo (Dibulla)_Red de enmalle de encierro marina;4,5;11;5;7
Puerto Rico [Meta]_Línea de mano fija continental;3,38;7;6;7,5
La Punta - Firme Cifuentes_Recolección manual de piangua;5,08;6,42;1;1
Punta Bonita_Palangre o espinel de superficie;3,35;16,15;4,8;6
Puerto Asure_Red de enmalle de deriva continental;1,75;9,12;2,8;8,2
Tribugá_Palangre o espinel de fondo;5,82;18,33;3;5
Puerto Boca_Red de enmalle fija continental ciénaga;7,8;25,95;2;3
El Pedral_Palangre calandrio;2;14,75;2;3
Barrio La Unión_Red de enmalle langostera;19;26,83;14;25,5
La Casa del Pescador_Red de enmalle de encierro continental;11,08;13,96;12;19,2
La Pedrera_Atarraya;5,38;27,47;2,2;12,8
La Pedrera_Línea de mano fija continental;12,2;56,83;3;6,5
Puerto Bogotá_Cóngolo;2;3,5;2;6
Puerto Bogotá_Línea de mano fija continental;3;7;7;8
El Pájaro_Buceo marino mixto;5,4;7,5;3;6
Milagros de la Mar_Palangre o espinel de superficie;14,84;25,41;35,1;342,9
El Malecón (Coello)_Red de enmalle de deriva continental;3,38;15;3;4
Puerto Bogotá_Atarraya;2;5;2;8
San Antonio de Padua_Línea de mano fija continental;3,86;30,48;2,8;7
Muelle Principal (Puerto Leguízamo)_Línea de mano fija continental;12,57;111,62;4,8;7
La Punta - Firme Cifuentes_Red de enmalle de deriva marina;3,17;10,8;4;30
Puerto Los Córdobas_Red de enmalle fija marina;5,23;14,17;6;25
Milagros de la Mar_Red de enmalle de deriva marina;4,56;13,02;9;45,2
Maracayo_Red de enmalle fija continental;14,77;19,83;3;5
Monserrate_Recolección manual de mota;5,72;11,2;6,1;7,9
Camarones_Red de enmalle de deriva marina;8,58;12,87;7;13
Camarones_Red de enmalle de encierro marina;3,61;12,24;7;13
Camarones_Nasas de Peces;7,17;113,49;12,1;25
Puerto Panseguita_Red de enmalle fija continental;16;21,35;2;5
Puerto Los Córdobas_Red de enmalle de deriva marina;8,13;25,12;17,6;103,2
Puerto Panseguita_Atarraya;4;9;2;5
Bocas del Atrato_Palangre o espinel de superficie;16,82;18,67;5;7
El 48_Red de enmalle de deriva marina;88,5;88,5;17;17
Guazo_Nasas de Peces;17,42;22,76;3;6
Robles_Atarraya;6;9;1;5
Las Brisas_Red de enmalle fija continental;16,08;21;2;4
Punta Bonita_Red de arrastre artesanal o changa;3,48;7,85;2;3,4
Candelaria (Achí)_Red de enmalle fija continental;14;18;1;3
Puerto Panseguita_Palangre calandrio;14,62;16,88;2,2;6,8
Muelle Pescadores (Puerto Boyacá)_Red de enmalle de deriva continental;13,01;13,16;2;3
Pesquera Friopez_Red de enmalle de deriva marina;27,3;112,17;13,3;17,7
Muelle Hong Kong_Recolección manual de mota;2,48;11,31;2;2
Muelle La Esmeralda_Red de enmalle fija continental;5;5;2;2
Vigía de Curvaradó_Red de enmalle fija continental;15,83;22;3;7
Chontal_Red de arrastre artesanal o changa;2,5;2,5;3;3
La Playa (El Banco)_Red de enmalle fija continental ciénaga;16,5;20,97;2;4
La Tagua_Línea de mano fija continental;12,31;145,36;8;8,2
Plaza de mercado (Tumaco)_Red de enmalle de encierro continental;25,58;38,99;12;12
Puerto (Arauquita)_Línea de mano fija continental;3,4;16,85;2;8,2
Vigía_Red de enmalle de deriva marina;2,63;7,08;12;15
Lomita Arena_Buceo de peces;5,38;7,06;8;8
Laguna Colorada_Red de enmalle fija continental;3,98;13,6;1;8
La Sierpe - Bahía Málaga_Arpón;6,05;6,95;6,6;17,4
Curillo_Red de enmalle de deriva continental;8,9;16,1;3;3
Barrio Santa Lucía_Red de enmalle fija marina;13,67;17;10;27
Plaza de mercado (Tumaco)_Red de enmalle de deriva marina;14,51;42,1;10;17,2
La Casa del Pescador_Red de enmalle de deriva marina;11,17;17;10;20
La Grande_Línea de mano fija continental;16,03;16,03;4;4
Barrio Pambelé_Red de enmalle fija marina;2,5;16,5;3;30
La Coquerita_Atarraya;2,41;4,38;8;8
Playa Blanca (Ayapel)_Red de enmalle fija continental;14,67;18,42;1;3
Puerto Chaparro_Red de enmalle de encierro continental;12,75;12,75;2;2
Mercado (Lorica)_Arpón;2,21;5,92;2;2
Providencia o Caimancito_Red de enmalle fija continental;16,67;19,27;2;3
Domingodó_Flecha;5,81;28,65;6;6
Domingodó_Línea de mano fija continental;13,85;17,6;6;8
Domingodó_Red de enmalle fija continental;15,17;23,67;6;8
El Porvenir_Línea de mano fija marina;3;12;4;20
Chontal_Red de enmalle de deriva marina;1,42;4,92;5;40
Puerto Abajo (Dibulla)_Palangre o espinel de fondo;6,03;18,4;3;13,6
Puerto Chucha_Red de enmalle fija marina;10;24;3;7
Puerto de Gamarra_Nasas de Peces;16,06;40,8;3;4
Puerto Chucha_Red de enmalle de encierro marina;8;14,5;2;17
El Porvenir_Red de enmalle fija marina;11,67;15,86;3;8
La Plata - Bahía Málaga_Palangre o espinel de superficie;5,85;15,3;4,2;9,6
El Porvenir_Buceo marino mixto;3;7,99;3;8
Puerto Chucha_Red de enmalle fija continental;10,85;14,69;1;2
Puerto Chucha_Red de enmalle de deriva marina;12,25;16,5;13,4;20
Ica-Copipa_Red de enmalle fija marina;14,33;19,17;7;30
Barrio Arriba - Barbosa (Magangué)_Red de enmalle fija continental;16,5;20,17;2;6
El Porvenir_Palangre o espinel de fondo;11,73;18,05;5;15,2
Barrio Abajo - Barbosa (Magangué)_Red de enmalle fija continental;17,33;21,17;4;6
San José de la Calle_Red de enmalle fija continental;15,24;19,27;5;9
Barrio Santa Lucía_Línea de mano fija marina;5,82;17,34;48;48
Pomeño_Red de enmalle fija marina;13,57;23,82;5;8
San José de la Calle_Línea de mano fija continental;13,86;17,71;6,6;20
Cupica_Línea de mano fija marina;10,5;14,5;12;33
Puerto Barrio El Progreso_Chinchorro continental;13,55;14,9;4;5,8
Las Delicias_Buceo marino mixto;5,48;10,17;6;16
Pomeño_Red de enmalle de deriva marina;2,25;15,68;5;7
Tribugá_Arpón;3,7;10,17;1;3,9
Casino_Palangre o espinel de fondo;4,38;54,34;10;36
Pueblo Nuevo (Barrancominas)_Red de enmalle de deriva continental;2,5;13,23;4;12
Guataquí_Atarraya;3;14,3;2;6
Palenquito_Red de enmalle de deriva continental;14,97;18,08;4;4,6
La Chamba_Atarraya;1,68;4,98;3;3
Guataquí_Palangre calandrio;4,34;96,79;4;8
La Chamba_Red de enmalle de deriva continental;1,82;5,69;3;3
Virudó_Red de enmalle fija marina;4,24;55,87;1;9
Casco urbano (Puerto Escondido)_Red de enmalle fija marina;6;40,31;2;16
Casco urbano (Puerto Escondido)_Línea de mano fija marina;10,43;12,15;25,8;39,2
Miel de Abeja_Línea de mano fija marina;6,5;29,34;12;58
Guataquí_Cóngolo;4;4;2;2
Puerto Arriba (Dibulla)_Línea de mano fija marina;13,83;15,41;12,3;14
Pesquera Luz Mar_Red de enmalle de deriva marina;17,97;17,97;14;14
Casco Urbano (San Juan de Urabá)_Palangre o espinel de fondo;15,2;18,5;9,6;18,4
Vida Tranquila_Flecha;14,33;17,21;4;4,7
El Pedral_Red de enmalle fija continental;3,1;15;2;2,8
Puerto Boca_Red de enmalle fija continental;4,18;13,93;2;2
Dotenedó_Red de enmalle camaronera;2,62;11,23;4;9
Belén (San Marcos)_Atarraya;6,76;9,91;1;3
Nueva Ola_Atarraya;2,42;5,5;1;2
Nueva Ola_Red de enmalle fija continental;15,25;19,67;1;3
Candelaria (Achí)_Atarraya;3;8;1;3
Nueva Ola_Red de enmalle de deriva continental;2,5;10,7;3;4
Virudó_Línea de mano fija marina;2,94;7,48;3;7
Virudó_Palangre o espinel de fondo;6,75;25,75;4;12
Nueva Ola_Palangre calandrio;15,43;18,71;2;3
Nueva Ola_Chinchorro continental;2,95;17,62;2;2
Puerto Los Córdobas_Palangre o espinel de fondo;9,84;13,51;6;25
Casco urbano (Puerto Escondido)_Palangre o espinel de fondo;13,43;17,18;9,4;18,9
Villa Fátima_Palangre o espinel de fondo;11;16;12;17
Puerto de los Jhonsons (Puerto Boyacá)_Atarraya chile;12,8;16,25;2,2;3
Puerto Arriba (Dibulla)_Chinchorro marino;5,09;10,25;5;5
Nueva Colonia_Palangre o espinel de superficie;22,36;70,67;6;8
Guacamayo_Atarraya;1,89;3,72;1;2
Amarales_Red de enmalle de deriva marina;4,17;14,99;5;16
Guataquí_Red de enmalle fija continental;3,12;80,5;3;6
La Chamba_Nasas de Peces;3,93;5,73;2;3
El Roto_Palangre o espinel de superficie;11,12;20,23;6;8
Muelle Las Flores_Red de enmalle camaronera;6,35;6,8;17;17
Sicará_Red de enmalle fija continental;15,08;19,25;2;3
Desembarcadero (Juradó)_Red de enmalle fija marina;12,05;54,02;19,2;40
La Ensenada_Red de enmalle camaronera;4,75;9,58;5;16
Desembarcadero (Juradó)_Línea de mano fija marina;4,25;32,41;15;45
Puerto Abajo (Dibulla)_Chinchorro marino;4,5;11,07;2,7;4
Ica-Copipa_Línea de mano fija marina;4,44;6,79;7;12
Ica-Copipa_Atarraya;19,02;19,31;15;15
Soledad Pueblito_Red de enmalle camaronera;5,38;8,92;3;3
Soledad Pueblito_Red de enmalle de encierro marina;3,81;6,67;3;3
Dotenedó_Línea de mano fija marina;3,06;9,49;4;15
Puerto Amor_Red de enmalle de deriva continental;2,64;11,05;10,4;14
Candelillas de Mar_Red de enmalle de deriva marina;8,53;13,5;2;3
Puerto del Cerrito_Nasas de Peces;16,82;18,71;3;4
La Ensenada_Red de enmalle de deriva marina;3,35;15,77;5;16
Virudó_Red de enmalle de deriva marina;2,85;8,3;1;8
Virudó_Atarraya;3,45;7,85;1,9;6,2
La Chamba_Palangre calandrio;4,08;4,08;3;3
Puerto de Gamarra_Cóngolo;1,74;2,93;2;3
Cartagena del Chairá_Línea de mano fija continental;11,4;41,15;2;6
El Porvenir_Atarraya;2;5,03;2;8
Distribuidoras de Tumaco_Red de enmalle de deriva marina;13,69;34,71;9;15
El Puerto (Tumaco)_Red de enmalle de deriva marina;8,37;82,96;9,1;30
Laguna Colorada_Línea de mano fija continental;3,64;11,08;1;13
Belén (San Marcos)_Atarraya rastra;3,25;12,03;3;4
Muelle Las Flores_Red de enmalle de deriva marina;7,6;19,32;10;105
Dotenedó_Red de enmalle fija marina;2,5;10,83;4;10,7
El Pedral_Red de enmalle de encierro continental;2,44;5;2;2
Mercado (Lorica)_Flecha;1,9;5;2;2
Pomeño_Palangre o espinel de fondo;2,81;17,4;7;9,2
Aparca_Red de enmalle fija continental;8,48;14,34;3;6
Guataquí_Nasas de Peces;10,33;14,3;2;4
Las Delicias_Línea de mano fija marina;7,83;17,22;7;36
Puerto Chucha_Línea de mano fija marina;11,35;15;12,1;30
La Chamba_Línea de mano fija continental;1,61;4,44;3;3
Charambirá_Red de enmalle fija marina;1,5;6,77;5;25
Punta Ardita_Línea de mano fija marina;1,67;5,54;15;35
Chapinero_Línea de mano fija continental;5,15;16,8;2;4
Charambirá_Palangre o espinel de fondo;2;11;8;190
Charambirá_Red de enmalle de deriva marina;3,53;11;8;30
Charambirá_Línea de mano;1;4,1;6;10
Playa de Arusí_Línea de mano correteo curricán o trolling;2,03;7,01;16;35
Puerto Chucha_Palangre o espinel de fondo;10,73;15,61;6;7
Mercado (Lorica)_Recolección manual;1,27;1,27;2;2
Charambirá_Red de cerco;10,05;72,15;4,2;9,6
Pueblo Nuevo (Barrancominas)_Atarraya;4,37;11,08;1,2;11,6
Docordó_Red de enmalle camaronera;9,5;9,5;1;1
Mulatos_Palangre o espinel de superficie;2,79;4,5;7;8
Monserrate_Nasas de Peces;20,7;42,3;6,1;7,9
Camarones_Línea de mano fija marina;5,01;21,97;2;27
Muelles del Camarón_Red de arrastre artesanal o changa;6,9;10,44;12;32
Soledad Pueblito_Línea de mano fija marina;5,25;15,95;3;3
Providencia o Caimancito_Atarraya;4,07;7,82;2;4
Distribuidoras de Tumaco_Red de cerco artesanal o ruche;10,5;10,5;12;12
Miel de Abeja_Red de enmalle fija marina;17,1;18,9;4,3;9,7
Bazán_Red de enmalle de deriva marina;13,77;88,14;11,2;56
Bazán_Red de cerco artesanal o ruche;6,31;20,77;6,8;17
Bazán_Palangre o espinel de fondo;18,75;134,86;57;110
La Ensenada_Línea de mano fija marina;6,83;11,33;16;16
Camarones_Línea de mano correteo curricán o trolling;9,83;20,03;9;24,2
Las Balsas_Red de enmalle de deriva continental;57,18;57,18;2;2
Dotenedó_Palangre o espinel de fondo;2,01;10,22;4,8;15
Pueblo Nuevo (Barrancominas)_Flecha;5,35;10,43;1;10
Puerto Chucha_Línea de mano fija continental;9,05;14,44;2;4
Arroyito_Línea de mano correteo curricán o trolling;4,85;7,62;10;12
Paujil_Nasas de Peces;26;26;3;3
Puerto Los Córdobas_Línea de mano fija marina;8,97;26,87;24,8;90
Laguna Colorada_Flecha;4,05;9,01;1;13
Belén (San Marcos)_Palangre calandrio;12,84;17,29;2;2
Cabo de la Vela_Red de enmalle langostera;12;16,25;6;9
Pantuuchitu_Red de enmalle langostera;12,25;16,4;6;9
Puerto Real - Saloa_Red de enmalle fija continental;5,45;17,87;2;2
Jodedor_Red de enmalle langostera;14,8;18,33;8;50
Mayapo_Red de enmalle langostera;9,67;14,42;43,3;68
Distribuidoras de Tumaco_Chinchorro marino;10,63;10,63;18;18
La Boquilla_Palangre o espinel de superficie;10,78;15,5;2;13
Belén (El Banco)_Nasas de Peces;17,15;20;2;3
Barrio La Unión_Palangre o espinel de superficie;7;8,78;15,4;16
Puerto Arriba (Dibulla)_Red de enmalle langostera;15,18;20,16;7;24
Buenavista (La Dorada)_Red de enmalle fija continental;1;2,87;2,2;4
Limones_Red de arrastre artesanal o changa;9,37;11,33;1;2
Ica-Copipa_Línea de mano correteo curricán o trolling;4,67;4,67;12;12
Puerto de desembarco (Barrancominas)_Palangre calandrio;3,91;5,89;8;8
Puerto Boca_Red de enmalle fija continental río;3,58;18,33;2;8
Candelaria (Achí)_Red de enmalle de deriva continental;2;4,16;5;5
Chamuscado - Naya_Red de enmalle fija marina;3,63;15,35;3;3
La Mata_Red de enmalle fija continental;16,62;19,08;2;2
Macurutú - Saloa_Red de enmalle fija continental;3,28;19,33;2;5
La Punta - Firme Cifuentes_Red de enmalle fija marina;2,4;6,93;5;13,8
Candelaria (Chimichagua)_Red de enmalle fija continental;14,18;16,93;2;6
Cartagena del Chairá_Red de enmalle fija continental;13,75;65;1,8;3
Barrio Arriba - Barbosa (Magangué)_Red de enmalle de deriva continental;4;10,47;3;5
Sempegua_Red de enmalle fija continental;5,83;19,33;2;4
Providencia o Caimancito_Palangre calandrio;16,67;18,98;1;1,4
Bocanegra_Palangre o espinel de fondo;4,33;24,1;3;7,4
Puerto Serviez_Cóngolo;6,48;24,02;5;6
Puerto del Cerrito_Red de enmalle fija continental río;2,46;19,27;7,3;11,7
Candelaria (Achí)_Palangre calandrio;12,97;15;1;3
San Nicolás (Nechí)_Chinchorro continental;6,85;17,57;3;4
Las Brisas_Línea de mano fija continental;17,17;17,17;2;2
Amarales_Red de enmalle camaronera;3,86;7,81;6;16
Candelaria (Achí)_Chinchorro continental;3,26;9;2;2
Paujil_Red de enmalle de deriva continental;22;22;4;4
Puerto de desembarco (Mitú)_No definido;10,94;11,24;12;12
Charambirá_Línea de mano fija marina;0,89;3,22;5;10
Casco Urbano (Arauca)_Recolección manual de mota;10,88;115,48;4;8
Muelle La Samaritana_Palangre o espinel de fondo;4,75;19,66;10;105
Muelle Las Flores_Palangre o espinel de fondo;4,75;19,5;10;105
Juanchaco_Red de enmalle fija marina;9,2;14,5;11;16,6
Puerto Amor_Gaviota;3,87;3,87;2;2
Doña Ana_Red de enmalle de deriva continental;2,5;2,5;4;4
Buenavista (La Dorada)_Chinchorra nicurera;8,83;8,83;3;3
Puerto Boyacá_Atarraya;13,83;17,17;2;3
Puerto Boyacá_Chinchorra;14;23,62;2;3
Puerto Boyacá_Palangre calandrio;14;18,61;2;3
La Grande_Red de enmalle de deriva continental;8,13;16,42;6;6
Doña Ana_Atarraya;3,5;3,5;2;2
Vida Tranquila_Chinchorro continental;5;15,87;2;4
La Plata - Bahía Málaga_Arpón;3,3;6,35;6,3;9,7
Las Tenazas_Nasas de Peces;48,19;187,66;15;18
Miel de Abeja_Palangre o espinel de fondo;4,54;23,33;12;77
Cooperativas - Pueblo Nuevo_Red de enmalle de deriva marina;76,7;234,7;6;15
Loma - San Sebastián_Red de enmalle de encierro continental;8,35;31,33;1;2
Cooperativas - Pueblo Nuevo_Palangre o espinel de fondo;141,11;351,26;160,5;180
San Alejandro_Red de enmalle de deriva continental;1,8;13,37;9;12
Cooperativas - Pueblo Nuevo_Red de enmalle camaronera;72,25;120,5;12;20,6
San Nicolás (Santa Cruz De Mompox)_Red de enmalle de deriva continental;2,78;22,35;10;10
Juanchaco_Palangre o espinel de fondo;17,03;19,73;31;31
Pesqueras - Pueblo Nuevo_Palangre o espinel de fondo;131,06;245,6;75,5;103
Río San Miguel_Atarraya;0,75;2,75;1;2
La Punta - Firme Cifuentes_Palangre o espinel de fondo;2,82;13,67;10;18
Costilla_Palangre calandrio;8,78;8,78;3;3
Montaño_Red de enmalle de deriva continental;9,02;9,02;3;3
Nueva Ola_Atarraya rastra;6;6;4;4
Purricha_Palangre o espinel de fondo;2,67;15,33;29;29
Palomar_Chinchorro continental;2;2;4;4
Campo alegre_Atarraya;6,53;7,7;1;1
Puerto principal (San Vicente del Caguán)_Atarraya;4;10,5;3;4
Purricha_Red de enmalle de deriva marina;5,13;5,95;4;5
Orejero_Atarraya;5,42;11,04;2;2
Mantequera_Chinchorro continental;12,7;16,07;1;2
Playa Nueva_Red de enmalle de deriva marina;5,27;11,78;4;44
Playa Nueva_Palangre o espinel de fondo;18,46;25,12;39,6;68
Puerto principal (San Vicente del Caguán)_Red de enmalle fija continental;4;8,75;3;4
El Muelle (Puerto López)_Atarraya;18,6;25,5;2;2
Camarones_Red de enmalle fija marina;12;12;7;7
Puerto Pozuelo - La Rinconada_Red de enmalle de encierro continental;14,92;20,07;2;2
Puerto Los Córdobas_Atarraya;1,06;3,63;1;9
Cispataca_Chinchorro continental;12,02;14,29;2;2
Malecón (Puerto Gaitán)_Línea de mano fija continental;44,62;64,88;5;5
Cupica_Palangre o espinel de fondo;10;22,1;14,1;90
La Ensenada_Palangre o espinel de fondo;8,22;13,55;16;16
Villanueva_Chinchorro continental;6,54;10,38;2;2
Las Brisas_Palangre calandrio;17,75;17,75;2;2
Palomino_Red de enmalle de encierro continental;3,3;11,1;1;1
Puerto Barrio El Progreso_Atarraya rastra;7,58;14,1;4,2;6,8
Puerto de las Canoas (Puerto Berrío)_Red de enmalle fija continental;8;40,37;3;13,3
Jurubirá_Línea de mano correteo curricán o trolling;5,5;11,5;30;40
Policía fluvial (Quibdó)_Red de enmalle de deriva continental;1,83;5,52;9;10,1
Barrio Arriba - Barbosa (Magangué)_Chinchorro continental;11,1;12,93;2;2,9
Pesqueras - Pueblo Nuevo_Red de enmalle de deriva marina;62,83;242,27;40;94
Purricha_Red de enmalle fija marina;2,98;17;4;9
Puerto Serviez_Red de enmalle de encierro continental;7;7;4;4
El Porvenir_Línea de mano correteo curricán o trolling;3,88;8;4,8;8
Bazán_Red de enmalle camaronera;9,02;10,53;6,7;19,4
Buenavista (La Dorada)_Palangre calandrio;12,83;22,92;1;1
Puerto Miraflores_Línea de mano correteo curricán o trolling;5,89;11,55;38,6;160,5
San Alejandro_Línea de mano fija continental;9,42;26,73;9;17,2
Betania - Naya_Red de enmalle camaronera;7,23;10,91;3;3
Isla Fuerte_Palangre o espinel de fondo;10,86;12,89;121;139
Sicará_Línea de mano fija continental;5,86;6,47;3;3
Aparca_Red de enmalle de deriva continental;8,91;15,37;3,1;4,9
Santa Cruz - Naya_Red de enmalle camaronera;7,57;9,03;3;3
Sicará_Atarraya;6,5;12;2;2
Laguna Colorada_Red de enmalle de deriva continental;6,25;13;2;4
Guataquí_Línea de mano fija continental;2,67;67,5;3;5
Puerto de desembarco (Mitú)_Nasas de Peces;10,67;10,67;12;12
San José de la Calle_Red de enmalle de deriva continental;1,56;4,06;15;19
Tagachí_Línea de mano fija continental;3,5;22,81;1;12
Mulatos_Red de enmalle camaronera;5,55;12,6;8;9
Docordó_Línea de mano fija marina;6,07;6,97;37,8;54
Vida Tranquila_Atarraya;3,53;21,98;3;3,9
Las Delicias_Nasas de Peces;6,28;201,52;15,6;22
Muelle La Samaritana_Red de enmalle de deriva marina;5,18;19,75;12;105
La Gloria_Atarraya puesteo;7,58;9,09;1;2
Miel de Abeja_Red de enmalle de deriva marina;7,05;7,95;10,2;12
Ica-Copipa_Buceo marino mixto;2,7;7,8;7;18
Nueva Ola_Línea de mano fija continental;15,97;19,13;2;2
Puerto principal (San Vicente del Caguán)_Línea de mano fija continental;4,03;13;3;4
Puerto (Arauquita)_Recolección manual de mota;6,05;7,18;3,1;4
Lomita Arena_Atarraya;3,64;3,94;3;3
El Muelle (Barrancabermeja)_Atarraya porro;49,33;49,33;4;4
Casco Urbano (San Juan de Urabá)_Arpón;5,77;8,85;14,3;18
Caño Grande_Línea de mano fija continental;2,65;3,5;2;3
Santa Cruz - Naya_Red de enmalle fija marina;3,97;24,96;3;3
Plaza de mercado (La Dorada)_Nasas de Peces;13,35;19,65;2,1;3,9
El Muelle (Barrancabermeja)_Red de enmalle de deriva continental mallona;17;17;5;5
La Rampa (Barrancabermeja)_Red de enmalle de deriva continental mallona;23,17;23,17;6;6
Pesqueras - Pueblo Nuevo_Red de enmalle camaronera;64,83;64,83;40;40
Betania - Naya_Palangre o espinel de fondo;6,43;11,82;3;4
Puerto Abajo (Dibulla)_Red de enmalle langostera;16,6;25,3;4;5
Puerto principal (San Vicente del Caguán)_Palangre calandrio;4,15;12,55;2;3
Milagros de la Mar_Red de enmalle camaronera;10,75;10,75;72;72
El Llanito_Nasas de Peces;4;4;2;2
Dotenedó_Recolección manual de piangua;2,85;7,89;4;5
Lomita Arena_Palangre o espinel de superficie;17,57;20,77;6;9
La Isla de los Palacios_Red de enmalle fija continental;12,9;27,18;2;9
Playa Necoclí_Línea de mano fija marina;3,55;42,62;4,1;195
El Muelle (Barrancabermeja)_Atarraya rastra;9,32;12,6;1;4
Puerto de desembarco (Barrancominas)_Línea de mano fija continental;5,6;16,9;7;11
Bazurto_Atarraya;13;15,82;10;16
Punta de blanco_Palangre calandrio;5,25;11,25;2;4,8
El Puerto (Tumaco)_Palangre o espinel de fondo;7,37;32,42;13,2;19,5
El Puerto (Tumaco)_Red de cerco artesanal o ruche;5,05;15,5;7;32,8
Las Flores_Palangre o espinel de superficie;8,06;11,21;30;77
El Muelle (Barrancabermeja)_Chinchorro continental;18,94;21,39;1;1,9
Poportín_Nasas de Peces;52,47;221,4;8;11
Puerto principal (San Vicente del Caguán)_Red de enmalle de deriva continental;3;6,22;2;3
Bocanegra_Red de enmalle de encierro continental;4,76;7,88;2;2
Puerto de las Canoas (Puerto Berrío)_Chinchorra mallona;10,2;46,65;3,3;7,8
Isla Fuerte_Nasa de langostas;38,13;286,11;21,8;35
El Puerto (Tumaco)_Chinchorro camaronero;12,33;13,38;20;20
Puerto Wilches_Chinchorro continental;20,6;22,14;4;4
Curillo_Atarraya;13,6;14;3;3
Puerto Principal (Leticia)_Red de enmalle de deriva continental;4,35;60,37;3,4;4
El Puerto (Tumaco)_Red de enmalle camaronera;8,7;12,3;9,6;19,4
Tagachí_Atarraya;4,39;26,15;3;3
Providencia o Caimancito_Línea de mano fija continental;16,56;18,44;1;1
Puerto Cabuyaro_Red de enmalle de deriva continental;8,25;46,33;5;8
Puerto de las Canoas (Puerto Berrío)_Chinchorra menuda;12,75;63,72;2,5;6,2
Casco Urbano (San Juan de Urabá)_Red de arrastre artesanal o changa;4,33;8,8;5,2;6,8
Puerto Bello_Red de enmalle de deriva continental;16,33;19,05;2;3
Orejero_Palangre calandrio;5,48;10,44;3;4
Puerto Principal (Leticia)_Palangre calandrio;6;32,95;2,3;4
Palomino_Palangre calandrio;16,28;16,8;4;5
Nueva Colonia_Red de enmalle fija continental;43,6;67,38;5;5
Villa Fátima_Línea de mano fija marina;10;11;12;12
La T_Línea de mano fija marina;13,67;16,5;12;12
El Roto_Red de enmalle fija continental;14,82;17,25;2;3
San Miguel (Puerto Gaitán)_Línea de mano fija continental;2,28;9,85;3;6,6
Punta de blanco_Línea de mano fija continental;6;6;4;4
El Pájaro_Línea de mano fija marina;9,52;13,5;8,9;14,1
San Miguel (Puerto Gaitán)_Atarraya;4,42;15,52;2,9;6,3
Barrio La Unión_Línea de mano correteo curricán o trolling;4,82;8,01;16,2;27
Barrio La Unión_Atarraya;6,36;12,3;4;10,4
Barrio La Unión_Aros;4,83;9,37;4;4,2
Barrio La Unión_Red de enmalle de encierro marina;4,36;7,88;4;4,9
Villanueva_Palangre calandrio;15,35;18,8;3;3
La Rampa (Barrancabermeja)_Palangre calandrio;17,65;40,42;2;2,9
Bocanegra_Red de enmalle fija continental;12,75;24,05;2;2
Concepción - Tacamocho_Atarraya;5,36;5,78;4;4
Puerto Chaparro_Atarraya rastra;16;16;3;3
Nueva Colonia_Red de enmalle de encierro marina;20,46;44,33;5;5
Casco urbano (Puerto Escondido)_Red de enmalle de deriva marina;17,5;17,5;20;20
Bazán_Red de enmalle fija marina;10;10;16;16
El Puerto (Tumaco)_Red de enmalle fija marina;51,17;51,17;10;10
